date,open,high,low,close,volume,turnover
2021-07-06,0.970,0.943,0.970,0.927,151998041,143710020
2021-07-07,0.941,0.975,0.979,0.930,94861055,91225831
2021-07-08,0.976,0.977,0.987,0.973,64915100,63651944
2021-07-09,0.978,0.966,0.979,0.943,62918700,60249520
2021-07-12,0.975,0.990,0.995,0.961,74685410,73647920
2021-07-13,0.985,0.985,0.997,0.975,52226100,51429517
2021-07-14,0.985,0.981,0.994,0.972,62818600,61975427
2021-07-15,0.981,0.988,0.990,0.971,74309800,72887418
2021-07-16,0.985,0.962,0.986,0.958,94569500,91860044
2021-07-19,0.960,0.964,0.972,0.955,65182600,62785537
2021-07-20,0.956,0.969,0.974,0.955,61950900,59762398
2021-07-21,0.969,0.991,0.995,0.968,117616920,115751210
2021-07-22,0.990,0.986,0.997,0.980,66804100,65940747
2021-07-23,0.986,0.964,0.986,0.959,86067400,83237205
2021-07-26,0.956,0.934,0.960,0.905,132223200,123357526
2021-07-27,0.930,0.913,0.948,0.906,106065200,98688382
2021-07-28,0.900,0.913,0.920,0.880,81518000,73710916
2021-07-29,0.923,0.961,0.965,0.922,121839200,115713644
2021-07-30,0.961,0.961,0.971,0.945,71172700,68261208
2021-08-02,0.954,0.966,0.972,0.942,69237000,66426543
2021-08-03,0.965,0.963,0.974,0.955,62615200,60406310
2021-08-04,0.960,0.980,0.982,0.954,93630800,91314907
2021-08-05,0.976,0.982,0.993,0.971,72675300,71386279
2021-08-06,0.981,0.972,0.989,0.965,61133600,59547829
2021-08-09,0.962,0.957,0.964,0.947,67372800,64362196
2021-08-10,0.956,0.960,0.964,0.950,58181400,55694592
2021-08-11,0.959,0.951,0.962,0.948,60391400,57605051
2021-08-12,0.951,0.939,0.953,0.935,70251500,66135133
2021-08-13,0.940,0.917,0.941,0.914,90296700,83382093
2021-08-16,0.920,0.910,0.921,0.904,73914700,67239655
2021-08-17,0.910,0.888,0.915,0.883,102895000,92259605
2021-08-18,0.890,0.889,0.897,0.882,66121700,58703765
2021-08-19,0.899,0.894,0.901,0.886,51034600,45653676
2021-08-20,0.890,0.869,0.891,0.861,96986700,84696410
2021-08-23,0.870,0.897,0.899,0.869,90132685,80072719
2021-08-24,0.899,0.911,0.917,0.893,93994000,85315316
2021-08-25,0.911,0.905,0.914,0.895,62450800,56381979
2021-08-26,0.905,0.883,0.913,0.881,73107300,65165325
2021-08-27,0.883,0.880,0.895,0.876,71828200,63541369
2021-08-30,0.881,0.880,0.895,0.874,75778600,66973384
2021-08-31,0.884,0.860,0.884,0.852,117471500,101283753
2021-09-01,0.860,0.855,0.863,0.840,80353800,68191185
2021-09-02,0.863,0.837,0.863,0.833,113072200,95080844
2021-09-03,0.839,0.829,0.841,0.825,95100200,79174026
2021-09-06,0.831,0.861,0.862,0.824,112488900,95602199
2021-09-07,0.859,0.861,0.864,0.854,71010600,60959962
2021-09-08,0.860,0.850,0.867,0.848,82203900,70351117
2021-09-09,0.850,0.850,0.857,0.838,78737600,66546329
2021-09-10,0.849,0.853,0.856,0.838,73152500,62115313
2021-09-13,0.853,0.843,0.860,0.838,85210800,71954525
2021-09-14,0.842,0.849,0.858,0.840,83864200,71502627
2021-09-15,0.849,0.837,0.850,0.833,88093700,73809636
2021-09-16,0.837,0.826,0.837,0.824,78470300,64988693
2021-09-17,0.826,0.844,0.847,0.823,91443500,76486978
2021-09-22,0.831,0.841,0.853,0.831,60169100,50766785
2021-09-23,0.842,0.848,0.855,0.838,69207400,58614841
2021-09-24,0.847,0.852,0.864,0.844,86974500,74411036
2021-09-27,0.858,0.865,0.876,0.857,89469200,77709347
2021-09-28,0.863,0.859,0.876,0.855,63935800,55233827
2021-09-29,0.856,0.853,0.860,0.848,56636900,48393272
2021-09-30,0.852,0.865,0.868,0.852,50885900,43805016
2021-10-08,0.867,0.865,0.874,0.859,66755900,57712282
2021-10-11,0.862,0.848,0.865,0.844,75217700,64375311
2021-10-12,0.848,0.833,0.850,0.826,83322200,69740079
2021-10-13,0.834,0.847,0.851,0.833,78332300,65877647
2021-10-14,0.847,0.847,0.855,0.843,65890100,56017715
2021-10-15,0.847,0.860,0.861,0.841,70795700,60555388
2021-10-18,0.859,0.852,0.860,0.843,66512600,56475250
2021-10-19,0.851,0.861,0.863,0.850,65898000,56622611
2021-10-20,0.860,0.854,0.867,0.850,64081100,54848288
2021-10-21,0.856,0.853,0.861,0.848,72545500,61948555
2021-10-22,0.853,0.861,0.865,0.853,67756000,58277729
2021-10-25,0.859,0.872,0.873,0.859,69446200,60338011
2021-10-26,0.872,0.871,0.878,0.868,71875900,62795151
2021-10-27,0.869,0.859,0.871,0.856,56191000,48453333
2021-10-28,0.859,0.859,0.872,0.855,60085600,51872141
2021-10-29,0.859,0.878,0.879,0.853,77265300,67061217
2021-11-01,0.877,0.871,0.878,0.863,64774800,56297098
2021-11-02,0.870,0.871,0.882,0.865,64766100,56706939
2021-11-03,0.871,0.868,0.880,0.863,70293700,61233741
2021-11-04,0.868,0.875,0.879,0.868,60269400,52784963
2021-11-05,0.875,0.875,0.881,0.873,60173000,52864579
2021-11-08,0.875,0.875,0.880,0.868,58812200,51406651
2021-11-09,0.874,0.884,0.885,0.874,52325900,46084493
2021-11-10,0.880,0.883,0.884,0.865,69918700,61177098
2021-11-11,0.880,0.888,0.890,0.879,54101700,47926424
2021-11-12,0.887,0.883,0.888,0.880,51718800,45705339
2021-11-15,0.883,0.882,0.885,0.877,54128600,47701450
2021-11-16,0.881,0.883,0.889,0.879,58200800,51447407
2021-11-17,0.884,0.887,0.889,0.881,57332300,50779375
2021-11-18,0.886,0.876,0.886,0.874,56000000,49173718
2021-11-19,0.875,0.881,0.882,0.874,43829400,38475738
2021-11-22,0.880,0.898,0.900,0.880,94465800,84472743
2021-11-23,0.899,0.898,0.901,0.895,46635700,41896284
2021-11-24,0.896,0.898,0.901,0.894,49272100,44225543
2021-11-25,0.898,0.902,0.906,0.896,57361700,51663658
2021-11-26,0.902,0.899,0.906,0.895,57340600,51606057
2021-11-29,0.890,0.900,0.909,0.885,63898200,57633455
2021-11-30,0.898,0.895,0.901,0.891,58530600,52358895
2021-12-01,0.891,0.887,0.895,0.886,60139800,53429964
2021-12-02,0.888,0.882,0.890,0.880,55866400,49383038
2021-12-03,0.884,0.884,0.888,0.879,48798921,43098036
2021-12-06,0.884,0.870,0.884,0.867,61138400,53616967
2021-12-07,0.875,0.860,0.875,0.854,65526100,56354762
2021-12-08,0.861,0.872,0.874,0.860,60114200,52127639
2021-12-09,0.870,0.884,0.888,0.867,65619600,57816229
2021-12-10,0.884,0.887,0.888,0.881,53445800,47294051
2021-12-13,0.887,0.892,0.899,0.887,53510500,47830471
2021-12-14,0.892,0.894,0.897,0.890,58594100,52421792
2021-12-15,0.894,0.881,0.895,0.879,61177300,54350994
2021-12-16,0.883,0.888,0.889,0.881,51046200,45175586
2021-12-17,0.886,0.875,0.888,0.873,66855400,58627136
2021-12-20,0.879,0.849,0.879,0.847,74422000,63949996
2021-12-21,0.850,0.856,0.856,0.845,65148900,55376591
2021-12-22,0.856,0.856,0.860,0.852,43880600,37555505
2021-12-23,0.858,0.855,0.860,0.852,51296900,43890668
2021-12-24,0.855,0.842,0.856,0.839,66582700,56181387
2021-12-27,0.843,0.839,0.847,0.833,55829700,46820482
2021-12-28,0.840,0.848,0.848,0.834,60303800,50651094
2021-12-29,0.848,0.836,0.848,0.834,66411500,55632368
2021-12-30,0.835,0.842,0.847,0.835,48517800,40857521
2021-12-31,0.842,0.843,0.849,0.841,50772600,42806494
2022-01-04,0.843,0.818,0.846,0.815,108858959,89541529
2022-01-05,0.818,0.795,0.820,0.792,99469900,79749468
2022-01-06,0.791,0.788,0.794,0.779,87151300,68464384
2022-01-07,0.790,0.782,0.792,0.780,73999000,58078527
2022-01-10,0.784,0.784,0.788,0.772,60227400,47042672
2022-01-11,0.786,0.777,0.786,0.774,68545400,53316183
2022-01-12,0.780,0.793,0.794,0.780,62849700,49524612
2022-01-13,0.793,0.784,0.794,0.782,55836100,43970773
2022-01-14,0.780,0.792,0.794,0.780,73139300,57777062
2022-01-17,0.791,0.802,0.803,0.791,72858800,58210577
2022-01-18,0.804,0.801,0.808,0.795,55614700,44618320
2022-01-19,0.800,0.784,0.800,0.779,78540800,61700837
2022-01-20,0.783,0.782,0.790,0.779,66887700,52344529
2022-01-21,0.781,0.773,0.784,0.770,71062400,55025927
2022-01-24,0.772,0.781,0.784,0.770,56826000,44193355
2022-01-25,0.780,0.766,0.782,0.765,73693700,57055642
2022-01-26,0.765,0.765,0.772,0.756,72957500,55704254
2022-01-27,0.766,0.739,0.766,0.737,81301600,60903102
2022-01-28,0.741,0.735,0.747,0.730,92140500,67901801
2022-02-07,0.745,0.738,0.757,0.735,81676200,60603579
2022-02-08,0.739,0.717,0.740,0.705,99418800,71192493
2022-02-09,0.718,0.724,0.725,0.707,70391000,50340355
2022-02-10,0.724,0.712,0.727,0.705,77762100,55214376
2022-02-11,0.709,0.691,0.710,0.690,77674400,54310682
2022-02-14,0.689,0.691,0.698,0.682,72588300,50213569
2022-02-15,0.693,0.714,0.715,0.693,72392400,51127306
2022-02-16,0.715,0.715,0.721,0.712,59142100,42431203
2022-02-17,0.712,0.721,0.728,0.712,58567741,42323823
2022-02-18,0.720,0.718,0.720,0.711,44746200,31995721
2022-02-21,0.715,0.713,0.721,0.711,54730600,39089451
2022-02-22,0.710,0.707,0.710,0.700,67193441,47306987
2022-02-23,0.708,0.729,0.730,0.708,87149100,62997691
2022-02-24,0.728,0.717,0.735,0.709,85661800,61891466
2022-02-25,0.722,0.736,0.743,0.722,84361400,62127629
2022-02-28,0.735,0.740,0.741,0.730,87387600,64308976
2022-03-01,0.741,0.738,0.746,0.735,79185575,58554203
2022-03-02,0.737,0.728,0.737,0.722,85447300,62087450
2022-03-03,0.734,0.720,0.734,0.718,83560100,60410312
2022-03-04,0.714,0.710,0.721,0.707,84525800,60382290
2022-03-07,0.703,0.684,0.704,0.681,95357200,65790887
2022-03-08,0.684,0.670,0.690,0.668,91641900,62174601
2022-03-09,0.675,0.666,0.679,0.642,103211400,68446034
2022-03-10,0.682,0.681,0.687,0.676,81236700,55424141
2022-03-11,0.673,0.691,0.692,0.666,102842000,69516476
2022-03-14,0.687,0.673,0.689,0.672,89373000,60983657
2022-03-15,0.668,0.657,0.682,0.654,101825600,68165108
2022-03-16,0.661,0.682,0.686,0.647,109007400,72299656
2022-03-17,0.686,0.701,0.713,0.684,119696200,84170084
2022-03-18,0.697,0.706,0.707,0.692,73080500,50885530
2022-03-21,0.707,0.708,0.715,0.701,81010800,57441543
2022-03-22,0.708,0.695,0.708,0.693,80515800,56208672
2022-03-23,0.699,0.701,0.703,0.693,59372600,41445105
2022-03-24,0.697,0.699,0.703,0.685,75579900,52329719
2022-03-25,0.699,0.682,0.702,0.681,85267100,58937686
2022-03-28,0.680,0.669,0.680,0.664,89686200,60214301
2022-03-29,0.668,0.666,0.676,0.664,81829800,54864547
2022-03-30,0.669,0.684,0.685,0.668,81047600,54967730
2022-03-31,0.684,0.680,0.685,0.676,71448400,48539325
2022-04-01,0.673,0.676,0.681,0.670,62953400,42512512
2022-04-06,0.674,0.668,0.675,0.663,56209400,37476597
2022-04-07,0.665,0.652,0.665,0.652,73140300,48000746
2022-04-08,0.651,0.654,0.664,0.648,64306000,42083731
2022-04-11,0.651,0.632,0.651,0.628,80076800,50947351
2022-04-12,0.632,0.638,0.639,0.627,74939700,47342889
2022-04-13,0.635,0.625,0.635,0.623,71091600,44701540
2022-04-14,0.626,0.619,0.631,0.611,92328600,57122739
2022-04-15,0.613,0.621,0.627,0.608,86240200,53104374
2022-04-18,0.619,0.633,0.635,0.611,86675500,54045419
2022-04-19,0.630,0.624,0.638,0.622,74705700,46909711
2022-04-20,0.624,0.603,0.624,0.601,110588600,67381720
2022-04-21,0.602,0.589,0.607,0.585,139533000,83214399
2022-04-22,0.585,0.581,0.589,0.579,83134400,48446591
2022-04-25,0.576,0.547,0.576,0.547,94642800,53228495
2022-04-26,0.550,0.541,0.558,0.540,90743300,49847099
2022-04-27,0.541,0.566,0.568,0.533,98540700,53661691
2022-04-28,0.561,0.562,0.569,0.556,90325200,50779468
2022-04-29,0.566,0.586,0.587,0.562,83572895,47676156
2022-05-05,0.583,0.586,0.592,0.575,85618400,50122816
2022-05-06,0.577,0.574,0.580,0.571,81788400,47114651
2022-05-09,0.574,0.571,0.578,0.568,82656200,47297572
2022-05-10,0.569,0.582,0.587,0.562,83919100,48620243
2022-05-11,0.582,0.603,0.617,0.582,97914400,59147245
2022-05-12,0.597,0.607,0.610,0.597,74593900,45123608
2022-05-13,0.609,0.607,0.612,0.602,71612600,43360274
2022-05-16,0.609,0.600,0.615,0.599,62048700,37457697
2022-05-17,0.600,0.607,0.609,0.598,68311500,41299201
2022-05-18,0.609,0.610,0.614,0.606,71220600,43408495
2022-05-19,0.599,0.617,0.618,0.598,75761200,46290636
2022-05-20,0.617,0.625,0.627,0.617,68249000,42498644
2022-05-23,0.626,0.622,0.626,0.617,56336200,34998086
2022-05-24,0.624,0.599,0.624,0.598,74570200,45538247
2022-05-25,0.600,0.601,0.603,0.595,57908900,34718662
2022-05-26,0.601,0.596,0.603,0.588,64549200,38403505
2022-05-27,0.597,0.598,0.609,0.593,69465600,41784145
2022-05-30,0.596,0.601,0.605,0.595,63374300,38037436
2022-05-31,0.601,0.616,0.616,0.595,75895905,45844294
2022-06-01,0.616,0.621,0.625,0.613,67202200,41662257
2022-06-02,0.620,0.633,0.635,0.618,80040900,50224692
2022-06-06,0.637,0.660,0.661,0.633,92811400,60614335
2022-06-07,0.658,0.660,0.665,0.654,66439700,43781504
2022-06-08,0.658,0.663,0.666,0.651,73266800,48312559
2022-06-09,0.661,0.645,0.662,0.642,72937000,47509135
2022-06-10,0.638,0.658,0.660,0.638,64256000,41829947
2022-06-13,0.651,0.651,0.655,0.646,63028200,41067165
2022-06-14,0.647,0.646,0.647,0.626,82580401,52490254
2022-06-15,0.645,0.647,0.659,0.641,82483800,53600116
2022-06-16,0.646,0.652,0.659,0.645,61075900,39963294
2022-06-17,0.646,0.666,0.668,0.646,78889300,51985210
2022-06-20,0.670,0.677,0.685,0.668,69607800,47145319
2022-06-21,0.676,0.672,0.680,0.666,65305400,43923794
2022-06-22,0.672,0.668,0.681,0.667,69216000,46794980
2022-06-23,0.665,0.682,0.683,0.665,69143700,46678710
2022-06-24,0.683,0.697,0.701,0.683,72765500,50523725
2022-06-27,0.699,0.697,0.707,0.695,67762200,47547440
2022-06-28,0.697,0.702,0.705,0.684,76409800,52843349
2022-06-29,0.701,0.687,0.707,0.685,78448900,54645040
2022-06-30,0.687,0.693,0.700,0.683,72948900,50338607
2022-07-01,0.689,0.687,0.696,0.684,53705600,37024417
2022-07-04,0.686,0.694,0.695,0.678,68352000,47107396
2022-07-05,0.690,0.690,0.702,0.681,62734500,43318473
2022-07-06,0.686,0.690,0.704,0.686,96003600,66884922
2022-07-07,0.690,0.700,0.704,0.686,83005300,57781856
2022-07-08,0.702,0.694,0.709,0.693,63440100,44516980
2022-07-11,0.690,0.685,0.693,0.678,63971300,43713831
2022-07-12,0.684,0.669,0.685,0.668,69864600,47190769
2022-07-13,0.670,0.676,0.680,0.659,75102000,50234631
2022-07-14,0.675,0.694,0.702,0.675,79806800,55183465
2022-07-15,0.695,0.683,0.700,0.683,58417300,40603745
2022-07-18,0.688,0.689,0.692,0.674,60505500,41299362
2022-07-19,0.688,0.675,0.688,0.671,59463500,40337757
2022-07-20,0.677,0.680,0.684,0.676,62347600,42418999
2022-07-21,0.678,0.680,0.689,0.674,63477300,43419288
2022-07-22,0.680,0.677,0.688,0.672,64524100,43890425
2022-07-25,0.672,0.670,0.678,0.667,67669600,45394476
2022-07-26,0.672,0.673,0.677,0.664,56982100,38256768
2022-07-27,0.673,0.677,0.680,0.670,66198800,44718810
2022-07-28,0.682,0.678,0.686,0.675,56743600,38637416
2022-07-29,0.678,0.668,0.683,0.666,63069400,42423486
2022-08-01,0.668,0.679,0.681,0.657,66458600,44619895
2022-08-02,0.676,0.672,0.679,0.665,75614600,50883453
2022-08-03,0.668,0.665,0.680,0.662,77745100,52034447
2022-08-04,0.666,0.667,0.670,0.660,53679200,35705294
2022-08-05,0.667,0.681,0.682,0.666,69192700,46794252
2022-08-08,0.681,0.678,0.681,0.670,63662600,43027964
2022-08-09,0.674,0.686,0.686,0.672,60685400,41367809
2022-08-10,0.686,0.678,0.686,0.674,61698500,41984095
2022-08-11,0.678,0.688,0.692,0.674,66566400,45506859
2022-08-12,0.689,0.682,0.691,0.680,55966400,38295526
2022-08-15,0.681,0.686,0.694,0.681,46898300,32268469
2022-08-16,0.691,0.687,0.695,0.684,57654400,39757164
2022-08-17,0.687,0.695,0.698,0.684,59858500,41334265
2022-08-18,0.698,0.700,0.702,0.696,75005200,52505179
2022-08-19,0.700,0.686,0.704,0.685,52912500,36566660
2022-08-22,0.684,0.692,0.693,0.679,44687300,30773749
2022-08-23,0.688,0.693,0.700,0.688,65433100,45440989
2022-08-24,0.692,0.669,0.697,0.668,55762000,37832942
2022-08-25,0.668,0.663,0.673,0.655,58517600,38665492
2022-08-26,0.667,0.657,0.667,0.655,50935000,33676886
2022-08-29,0.654,0.657,0.660,0.648,47448600,31121390
2022-08-30,0.653,0.654,0.659,0.650,50299400,32832093
2022-08-31,0.654,0.640,0.654,0.637,72342800,46524377
2022-09-01,0.641,0.638,0.646,0.636,54893600,35188691
2022-09-02,0.637,0.637,0.642,0.632,46547100,29643303
2022-09-05,0.637,0.638,0.643,0.634,49426700,31493207
2022-09-06,0.636,0.640,0.641,0.628,48871100,30976167
2022-09-07,0.636,0.648,0.655,0.634,51500900,33447267
2022-09-08,0.648,0.638,0.649,0.637,42663900,27391153
2022-09-09,0.637,0.640,0.641,0.635,48780300,31107739
2022-09-13,0.643,0.639,0.646,0.638,56826400,36377404
2022-09-14,0.637,0.632,0.637,0.626,56288300,35518769
2022-09-15,0.633,0.614,0.636,0.608,60266300,37275316
2022-09-16,0.613,0.606,0.617,0.606,68013600,41632696
2022-09-19,0.606,0.603,0.617,0.600,59022800,35714503
2022-09-20,0.603,0.607,0.615,0.601,50360100,30647400
2022-09-21,0.607,0.597,0.607,0.594,77820600,46506562
2022-09-22,0.594,0.596,0.602,0.590,65249100,38861774
2022-09-23,0.596,0.590,0.600,0.586,64010400,37776174
2022-09-26,0.589,0.593,0.602,0.586,55137700,32873463
2022-09-27,0.593,0.604,0.605,0.593,58824000,35154946
2022-09-28,0.602,0.591,0.603,0.590,57867900,34324679
2022-09-29,0.596,0.596,0.601,0.592,83168400,49624434
2022-09-30,0.595,0.584,0.597,0.583,65390100,38564540
2022-10-10,0.584,0.567,0.588,0.566,57278200,32923631
2022-10-11,0.565,0.570,0.576,0.565,83512426,47756891
2022-10-12,0.572,0.594,0.597,0.563,72129300,41570774
2022-10-13,0.594,0.595,0.603,0.590,56200200,33692868
2022-10-14,0.598,0.620,0.625,0.598,69896500,42683403
2022-10-17,0.620,0.621,0.625,0.614,75390100,46588366
2022-10-18,0.626,0.623,0.630,0.619,66960000,41784053
2022-10-19,0.623,0.620,0.629,0.620,57514800,35950960
2022-10-20,0.618,0.617,0.627,0.606,72050700,44323842
2022-10-21,0.615,0.618,0.621,0.611,60273800,37144496
2022-10-24,0.622,0.610,0.626,0.604,73998900,45504276
2022-10-25,0.611,0.607,0.616,0.599,63830600,38697260
2022-10-26,0.607,0.627,0.633,0.607,68028700,42400678
2022-10-27,0.627,0.624,0.634,0.623,67675800,42552517
2022-10-28,0.623,0.609,0.626,0.607,72409400,44756326
2022-10-31,0.609,0.613,0.624,0.605,91675400,56414755
2022-11-01,0.613,0.629,0.630,0.610,72998000,45196667
2022-11-02,0.630,0.639,0.644,0.618,78571299,50016737
2022-11-03,0.635,0.642,0.644,0.632,47764048,30606242
2022-11-04,0.640,0.659,0.663,0.640,71760200,46958705
2022-11-07,0.657,0.659,0.666,0.650,61305800,40386792
2022-11-08,0.658,0.651,0.659,0.645,62641100,40679622
2022-11-09,0.650,0.643,0.651,0.642,53823500,34735996
2022-11-10,0.641,0.631,0.643,0.627,83893800,53197954
2022-11-11,0.644,0.640,0.655,0.639,60692100,39136599
2022-11-14,0.639,0.636,0.643,0.631,70540500,44985956
2022-11-15,0.634,0.648,0.650,0.632,64308000,41217843
2022-11-16,0.645,0.641,0.650,0.641,79727700,51390270
2022-11-17,0.640,0.640,0.640,0.627,67062600,42324810
2022-11-18,0.635,0.637,0.647,0.635,58238900,37466547
2022-11-21,0.635,0.639,0.640,0.632,63261700,40254282
2022-11-22,0.637,0.627,0.639,0.626,62804300,39707359
2022-11-23,0.628,0.628,0.632,0.617,56676800,35322253
2022-11-24,0.628,0.626,0.632,0.623,50796300,31849885
2022-11-25,0.623,0.619,0.624,0.616,61535500,38107268
2022-11-28,0.610,0.615,0.620,0.608,60896200,37247911
2022-11-29,0.615,0.620,0.621,0.612,56900000,35067470
2022-11-30,0.620,0.618,0.620,0.614,46381069,28637975
2022-12-01,0.625,0.626,0.630,0.623,48196600,30232334
2022-12-02,0.626,0.627,0.634,0.623,45707700,28758517
2022-12-05,0.626,0.624,0.628,0.619,59191900,36826334
2022-12-06,0.623,0.623,0.630,0.620,38621400,24096472
2022-12-07,0.620,0.625,0.628,0.620,49291300,30818893
2022-12-08,0.625,0.625,0.628,0.621,45911800,28675164
2022-12-09,0.623,0.623,0.625,0.618,51032100,31674643
2022-12-12,0.623,0.623,0.627,0.619,45498600,28347110
2022-12-13,0.623,0.615,0.623,0.612,82917900,51085506
2022-12-14,0.618,0.611,0.619,0.609,49595700,30382977
2022-12-15,0.610,0.617,0.618,0.609,72516500,44593033
2022-12-16,0.613,0.611,0.617,0.609,34388500,21042646
2022-12-19,0.614,0.604,0.615,0.602,43981100,26764135
2022-12-20,0.604,0.598,0.604,0.598,48540800,29164238
2022-12-21,0.599,0.595,0.602,0.591,43039900,25677677
2022-12-22,0.595,0.590,0.600,0.588,46351600,27562039
2022-12-23,0.590,0.587,0.591,0.584,39025000,22926789
2022-12-26,0.587,0.602,0.603,0.587,39740600,23771522
2022-12-27,0.603,0.608,0.610,0.601,45591200,27538673
2022-12-28,0.604,0.605,0.608,0.602,36617000,22136372
2022-12-29,0.603,0.609,0.614,0.603,40158600,24469025
2022-12-30,0.611,0.609,0.614,0.607,38790600,23663485
2023-01-03,0.605,0.612,0.614,0.602,40209200,24416197
2023-01-04,0.611,0.606,0.612,0.603,44019500,26740856
2023-01-05,0.607,0.618,0.620,0.606,49007459,30085101
2023-01-06,0.617,0.624,0.631,0.617,51023400,31880873
2023-01-09,0.625,0.627,0.633,0.624,49151400,30880012
2023-01-10,0.627,0.634,0.636,0.625,48094800,30371575
2023-01-11,0.632,0.627,0.636,0.625,39233400,24733437
2023-01-12,0.627,0.627,0.632,0.626,28433601,17872921
2023-01-13,0.630,0.632,0.632,0.626,35647000,22422753
2023-01-16,0.630,0.644,0.650,0.630,59584300,38308113
2023-01-17,0.645,0.647,0.652,0.643,35510600,23042294
2023-01-18,0.647,0.648,0.651,0.646,39226900,25442927
2023-01-19,0.648,0.656,0.656,0.645,43472200,28331098
2023-01-20,0.656,0.662,0.663,0.656,41362200,27328279
2023-01-30,0.670,0.668,0.680,0.668,57686800,38798571
2023-01-31,0.668,0.658,0.668,0.656,51529500,34114399
2023-02-01,0.658,0.664,0.664,0.652,50143000,32996741
2023-02-02,0.667,0.662,0.668,0.660,42180500,28047492
2023-02-03,0.660,0.660,0.663,0.651,47548900,31196324
2023-02-06,0.655,0.649,0.657,0.646,58236000,37926591
2023-02-07,0.646,0.646,0.653,0.643,37135700,24005001
2023-02-08,0.646,0.643,0.650,0.643,27520500,17797628
2023-02-09,0.643,0.656,0.657,0.641,52624500,34307084
2023-02-10,0.657,0.649,0.657,0.643,49926000,32369091
2023-02-13,0.645,0.649,0.652,0.645,39216100,25436039
2023-02-14,0.649,0.647,0.652,0.644,30308900,19613041
2023-02-15,0.647,0.645,0.650,0.643,32700900,21087551
2023-02-16,0.646,0.636,0.650,0.632,44633900,28696866
2023-02-17,0.635,0.623,0.638,0.622,55231200,34716319
2023-02-20,0.621,0.627,0.628,0.616,54672800,33939186
2023-02-21,0.627,0.623,0.627,0.620,46012600,28705383
2023-02-22,0.621,0.620,0.623,0.619,34012300,21119276
2023-02-23,0.618,0.623,0.625,0.618,36125000,22469580
2023-02-24,0.625,0.618,0.626,0.617,39315500,24353885
2023-02-27,0.615,0.615,0.621,0.613,31403000,19334813
2023-02-28,0.618,0.618,0.620,0.613,38858000,23939240
2023-03-01,0.619,0.621,0.622,0.613,40099200,24803974
2023-03-02,0.620,0.617,0.623,0.616,36420300,22507922
2023-03-03,0.617,0.619,0.622,0.614,36317200,22430638
2023-03-06,0.620,0.622,0.623,0.612,42709500,26344951
2023-03-07,0.619,0.612,0.622,0.612,43751900,27061402
2023-03-08,0.612,0.612,0.614,0.609,45030400,27519345
2023-03-09,0.612,0.612,0.615,0.610,48895000,29974845
2023-03-10,0.607,0.612,0.617,0.607,51820500,31690479
2023-03-13,0.611,0.610,0.612,0.607,42360800,25829380
2023-03-14,0.610,0.611,0.612,0.601,40396700,24522276
2023-03-15,0.611,0.609,0.618,0.608,50115700,30734069
2023-03-16,0.607,0.600,0.608,0.598,57773900,34876835
2023-03-17,0.602,0.601,0.607,0.597,53322300,32051330
2023-03-20,0.601,0.604,0.609,0.596,55250700,33272896
2023-03-21,0.604,0.610,0.610,0.601,59658900,36138962
2023-03-22,0.611,0.611,0.614,0.607,64201900,39166689
2023-03-23,0.611,0.615,0.616,0.608,77015400,47146437
2023-03-24,0.616,0.615,0.617,0.612,67999600,41789035
2023-03-27,0.616,0.615,0.618,0.610,58532900,36019561
2023-03-28,0.616,0.610,0.618,0.608,48332000,29631274
2023-03-29,0.610,0.616,0.620,0.609,58277300,35761402
2023-03-30,0.615,0.619,0.619,0.613,52410300,32312848
2023-03-31,0.618,0.621,0.622,0.616,55555600,34437320
2023-04-03,0.622,0.631,0.631,0.621,66325000,41573486
2023-04-04,0.630,0.631,0.633,0.625,76893800,48368515
2023-04-06,0.630,0.635,0.639,0.627,58569000,37141824
2023-04-07,0.635,0.642,0.643,0.632,55206500,35327115
2023-04-10,0.642,0.636,0.645,0.634,57883500,37075934
2023-04-11,0.635,0.633,0.641,0.630,50038900,31822898
2023-04-12,0.630,0.632,0.636,0.630,48075500,30424273
2023-04-13,0.631,0.624,0.632,0.623,36916300,23180262
2023-04-14,0.625,0.635,0.637,0.625,57822000,36400928
2023-04-17,0.634,0.638,0.643,0.634,49280500,31451789
2023-04-18,0.639,0.633,0.640,0.630,40365300,25600499
2023-04-19,0.633,0.630,0.637,0.630,41588500,26315492
2023-04-20,0.631,0.630,0.634,0.626,46956900,29613929
2023-04-21,0.630,0.615,0.633,0.614,53817600,33575630
2023-04-24,0.616,0.607,0.619,0.602,45645500,27751897
2023-04-25,0.608,0.591,0.610,0.589,56986100,33997556
2023-04-26,0.591,0.600,0.603,0.590,49663400,29679183
2023-04-27,0.600,0.602,0.604,0.597,41881700,25152817
2023-04-28,0.602,0.608,0.608,0.601,41545400,25094512
2023-05-04,0.606,0.598,0.606,0.595,46138000,27627335
2023-05-05,0.595,0.590,0.598,0.589,39778200,23567218
2023-05-08,0.591,0.594,0.595,0.587,52069800,30800599
2023-05-09,0.594,0.584,0.594,0.583,43267200,25453653
2023-05-10,0.585,0.585,0.588,0.578,29898200,17389192
2023-05-11,0.585,0.588,0.593,0.585,28165300,16602913
2023-05-12,0.587,0.583,0.592,0.581,37141100,21818564
2023-05-15,0.582,0.593,0.593,0.582,38904500,22865270
2023-05-16,0.593,0.593,0.597,0.592,36807400,21877188
2023-05-17,0.594,0.593,0.596,0.591,29680800,17601926
2023-05-18,0.594,0.592,0.596,0.587,31681200,18731468
2023-05-19,0.592,0.592,0.596,0.590,34829700,20644817
2023-05-22,0.595,0.592,0.595,0.589,30346600,17945587
2023-05-23,0.592,0.585,0.593,0.585,27578700,16258921
2023-05-24,0.585,0.584,0.591,0.582,33516100,19665811
2023-05-25,0.583,0.585,0.588,0.580,47437200,27700938
2023-05-26,0.585,0.587,0.587,0.582,38400700,22462564
2023-05-29,0.586,0.580,0.588,0.577,28769200,16700579
2023-05-30,0.582,0.585,0.585,0.576,33391100,19382647
2023-05-31,0.584,0.583,0.584,0.578,36525800,21224790
2023-06-01,0.581,0.584,0.590,0.578,41210600,24164845
2023-06-02,0.585,0.587,0.589,0.582,30400100,17809357
2023-06-05,0.587,0.581,0.589,0.579,29425000,17122256
2023-06-06,0.580,0.569,0.581,0.568,47181800,27076242
2023-06-07,0.570,0.561,0.571,0.559,29035500,16345961
2023-06-08,0.562,0.557,0.562,0.554,44218300,24644992
2023-06-09,0.556,0.563,0.564,0.554,32358500,18064735
2023-06-12,0.562,0.565,0.567,0.559,37299700,20971214
2023-06-13,0.564,0.569,0.570,0.563,30133900,17089314
2023-06-14,0.570,0.566,0.570,0.565,33392700,18956693
2023-06-15,0.567,0.580,0.581,0.566,37175000,21321465
2023-06-16,0.580,0.591,0.591,0.580,44504100,26052148
2023-06-19,0.591,0.587,0.591,0.587,41693700,24517308
2023-06-20,0.587,0.586,0.590,0.584,39363200,23119402
2023-06-21,0.586,0.574,0.586,0.573,48921300,28362387
2023-06-26,0.571,0.572,0.579,0.567,43564500,24918177
2023-06-27,0.570,0.575,0.576,0.569,38248100,21896813
2023-06-28,0.575,0.570,0.575,0.564,37876300,21538222
2023-06-29,0.571,0.569,0.574,0.568,33026700,18848969
2023-06-30,0.569,0.577,0.579,0.567,34298900,19689867
2023-07-03,0.577,0.578,0.584,0.575,39942200,23066810
2023-07-04,0.580,0.583,0.585,0.577,25268700,14696513
2023-07-05,0.585,0.581,0.588,0.579,37380600,21768115
2023-07-06,0.581,0.573,0.581,0.573,29403600,16957302
2023-07-07,0.572,0.568,0.573,0.567,37349700,21281287
2023-07-10,0.567,0.573,0.579,0.567,39817100,22857813
2023-07-11,0.574,0.577,0.579,0.572,20180900,11605262
2023-07-12,0.577,0.573,0.578,0.572,31896400,18359773
2023-07-13,0.574,0.580,0.581,0.574,30418100,17616104
2023-07-14,0.581,0.577,0.582,0.576,32974700,19070780
2023-07-17,0.576,0.573,0.576,0.571,34546100,19768727
2023-07-18,0.574,0.572,0.574,0.570,32063700,18332954
2023-07-19,0.572,0.568,0.575,0.566,40612000,23100507
2023-07-20,0.568,0.562,0.571,0.561,42287400,23897814
2023-07-21,0.561,0.561,0.564,0.559,50155500,28122943
2023-07-24,0.561,0.556,0.562,0.555,38164900,21279718
2023-07-25,0.559,0.565,0.565,0.559,40076700,22560747
2023-07-26,0.566,0.566,0.567,0.563,34881800,19715019
2023-07-27,0.567,0.564,0.570,0.563,41131800,23263708
2023-07-28,0.564,0.570,0.570,0.561,41643800,23614325
2023-07-31,0.570,0.574,0.578,0.570,48145400,27641712
2023-08-01,0.573,0.571,0.576,0.569,37402300,21399122
2023-08-02,0.567,0.571,0.573,0.567,33151200,18903234
2023-08-03,0.571,0.576,0.576,0.570,42312100,24252072
2023-08-04,0.577,0.578,0.580,0.574,46443900,26843978
2023-08-07,0.578,0.572,0.578,0.571,46311500,26532616
2023-08-08,0.572,0.571,0.574,0.570,32254400,18452061
2023-08-09,0.571,0.570,0.574,0.569,39712300,22673897
2023-08-10,0.570,0.573,0.574,0.569,34158100,19515777
2023-08-11,0.573,0.562,0.573,0.561,32965800,18673560
2023-08-14,0.563,0.557,0.563,0.550,43414900,24081535
2023-08-15,0.556,0.551,0.558,0.546,43750800,24087581
2023-08-16,0.551,0.546,0.553,0.544,44091200,24194537
2023-08-17,0.545,0.548,0.549,0.540,41545900,22644653
2023-08-18,0.548,0.544,0.551,0.543,42666800,23341764
2023-08-21,0.544,0.535,0.544,0.535,32534900,17529398
2023-08-22,0.533,0.537,0.538,0.524,47440300,25120962
2023-08-23,0.536,0.524,0.536,0.522,47808400,25232590
2023-08-24,0.526,0.529,0.533,0.523,42713900,22575427
2023-08-25,0.527,0.523,0.527,0.519,43148900,22574463
2023-08-28,0.538,0.528,0.550,0.525,56991200,30484697
2023-08-29,0.525,0.543,0.546,0.525,53985200,29033237
2023-08-30,0.545,0.549,0.555,0.545,56866600,31309946
2023-08-31,0.545,0.548,0.551,0.545,29087300,15936885
2023-09-01,0.548,0.545,0.549,0.542,30347800,16544999
2023-09-04,0.549,0.549,0.549,0.541,37525600,20470142
2023-09-05,0.549,0.547,0.551,0.546,42226300,23185925
2023-09-06,0.545,0.545,0.547,0.542,39206700,21313477
2023-09-07,0.544,0.532,0.544,0.530,45944300,24565974
2023-09-08,0.530,0.529,0.531,0.526,36183800,19107766
2023-09-11,0.531,0.532,0.537,0.527,42827500,22796345
2023-09-12,0.531,0.530,0.533,0.529,22073600,11719586
2023-09-13,0.530,0.525,0.530,0.521,39751200,20833380
2023-09-14,0.520,0.519,0.524,0.517,28404200,14763967
2023-09-15,0.519,0.520,0.524,0.515,27034700,14053782
2023-09-18,0.520,0.520,0.524,0.517,35690500,18559608
2023-09-19,0.520,0.517,0.520,0.514,20707000,10696008
2023-09-20,0.517,0.514,0.517,0.512,37139300,19079362
2023-09-21,0.513,0.509,0.513,0.508,25406500,12957926
2023-09-22,0.508,0.519,0.520,0.507,43153600,22210097
2023-09-25,0.519,0.518,0.520,0.516,25097000,12995024
2023-09-26,0.518,0.516,0.521,0.515,21912600,11331645
2023-09-27,0.517,0.519,0.524,0.516,36565600,19005583
2023-09-28,0.520,0.521,0.523,0.517,31327100,16257482
2023-10-09,0.519,0.524,0.526,0.517,37626000,19656863
2023-10-10,0.528,0.521,0.528,0.519,33072200,17290596
2023-10-11,0.523,0.526,0.529,0.521,44943300,23651240
2023-10-12,0.531,0.530,0.531,0.526,43844900,23199156
2023-10-13,0.529,0.525,0.529,0.522,35917600,18822658
2023-10-16,0.525,0.515,0.525,0.513,42409000,21931515
2023-10-17,0.514,0.516,0.518,0.513,28539400,14722107
2023-10-18,0.515,0.509,0.515,0.509,34454500,17589617
2023-10-19,0.507,0.506,0.510,0.504,35062900,17767210
2023-10-20,0.503,0.501,0.507,0.500,28258800,14220013
2023-10-23,0.500,0.493,0.500,0.490,39807300,19648074
2023-10-24,0.491,0.494,0.498,0.489,33710200,16643121
2023-10-25,0.500,0.492,0.500,0.490,21777500,10778007
2023-10-26,0.489,0.491,0.491,0.481,43448000,21050662
2023-10-27,0.490,0.503,0.505,0.487,42863600,21241356
2023-10-30,0.501,0.518,0.520,0.501,41017800,21027356
2023-10-31,0.517,0.515,0.518,0.511,24903800,12788234
2023-11-01,0.513,0.512,0.515,0.510,28106900,14396728
2023-11-02,0.514,0.508,0.516,0.508,29363500,15042212
2023-11-03,0.511,0.516,0.518,0.511,40165200,20688161
2023-11-06,0.517,0.530,0.532,0.517,44280500,23331743
2023-11-07,0.529,0.531,0.533,0.527,35893300,18984945
2023-11-08,0.529,0.532,0.537,0.529,49685000,26502100
2023-11-09,0.533,0.531,0.537,0.530,42527600,22641490
2023-11-10,0.528,0.526,0.530,0.525,51644300,27221191
2023-11-13,0.538,0.528,0.538,0.526,43241800,22835543
2023-11-14,0.528,0.528,0.532,0.525,41862500,22120053
2023-11-15,0.533,0.531,0.536,0.529,39454900,20989433
2023-11-16,0.530,0.521,0.531,0.520,44693700,23365987
2023-11-17,0.521,0.523,0.524,0.518,40082400,20879329
2023-11-20,0.523,0.524,0.526,0.518,36795300,19242443
2023-11-21,0.525,0.523,0.530,0.521,42271700,22222403
2023-11-22,0.521,0.513,0.522,0.513,44497900,22978573
2023-11-23,0.513,0.516,0.517,0.510,36142400,18539634
2023-11-24,0.515,0.511,0.517,0.509,26254000,13424695
2023-11-27,0.508,0.509,0.511,0.505,39641400,20132222
2023-11-28,0.509,0.512,0.512,0.507,33034600,16841053
2023-11-29,0.512,0.507,0.513,0.506,27231100,13862129
2023-11-30,0.506,0.508,0.511,0.505,26796200,13602605
2023-12-01,0.508,0.511,0.512,0.503,33625700,17035510
2023-12-04,0.511,0.506,0.511,0.505,37131500,18861943
2023-12-05,0.504,0.496,0.505,0.495,42582800,21339357
2023-12-06,0.496,0.497,0.501,0.494,41106800,20452924
2023-12-07,0.496,0.495,0.498,0.491,47339000,23348190
2023-12-08,0.495,0.501,0.502,0.492,49942200,24803396
2023-12-11,0.500,0.508,0.510,0.495,42275200,21162415
2023-12-12,0.508,0.506,0.508,0.504,24264700,12277736
2023-12-13,0.506,0.500,0.506,0.500,32859900,16511288
2023-12-14,0.504,0.497,0.504,0.496,43476700,21705096
2023-12-15,0.498,0.492,0.500,0.490,37147600,18344504
2023-12-18,0.491,0.486,0.491,0.484,41539700,20280296
2023-12-19,0.485,0.488,0.490,0.484,46197900,22500804
2023-12-20,0.488,0.483,0.489,0.483,37369500,18188161
2023-12-21,0.481,0.492,0.493,0.481,48105900,23434646
2023-12-22,0.490,0.489,0.495,0.487,46589800,22867466
2023-12-25,0.489,0.490,0.492,0.487,44994500,21983626
2023-12-26,0.490,0.483,0.490,0.481,42841600,20701386
2023-12-27,0.484,0.485,0.487,0.483,45903100,22254858
2023-12-28,0.483,0.500,0.502,0.483,50579900,24965832
2023-12-29,0.499,0.504,0.505,0.499,53573200,26955885
2024-01-02,0.503,0.496,0.504,0.494,44054600,21903904
2024-01-03,0.495,0.489,0.496,0.486,40555400,19871920
2024-01-04,0.488,0.482,0.488,0.478,52175000,25115016
2024-01-05,0.481,0.474,0.484,0.471,49991300,23963847
2024-01-08,0.470,0.465,0.474,0.465,48699900,22837109
2024-01-09,0.464,0.466,0.472,0.462,49523800,23086637
2024-01-10,0.465,0.463,0.469,0.460,44231800,20504706
2024-01-11,0.461,0.471,0.472,0.461,48796500,22742637
2024-01-12,0.469,0.464,0.469,0.462,50386900,23492006
2024-01-15,0.461,0.460,0.465,0.458,43693800,20145254
2024-01-16,0.460,0.462,0.462,0.455,44370500,20375398
2024-01-17,0.459,0.453,0.461,0.451,50189500,22928531
2024-01-18,0.450,0.460,0.461,0.445,55911400,25158697
2024-01-19,0.459,0.460,0.464,0.458,62571800,28806838
2024-01-22,0.459,0.448,0.460,0.446,55394000,25238379
2024-01-23,0.448,0.453,0.457,0.445,48957800,22105001
2024-01-24,0.457,0.455,0.457,0.442,67698800,30453709
2024-01-25,0.455,0.461,0.462,0.448,59367000,27008147
2024-01-26,0.461,0.452,0.461,0.450,58271900,26531674
2024-01-29,0.450,0.437,0.455,0.435,66862600,29557618
2024-01-30,0.434,0.423,0.435,0.421,59048400,25328990
2024-01-31,0.425,0.421,0.426,0.418,62540800,26368771
2024-02-01,0.409,0.425,0.432,0.409,69255600,29312476
2024-02-02,0.422,0.417,0.426,0.405,73926200,30947086
2024-02-05,0.415,0.423,0.428,0.400,75298300,30985029
2024-02-06,0.419,0.443,0.445,0.419,71912400,31211380
2024-02-07,0.444,0.451,0.453,0.442,76241500,34307330
2024-02-08,0.453,0.456,0.462,0.453,62635600,28653177
2024-02-19,0.458,0.465,0.466,0.457,55581200,25652607
2024-02-20,0.465,0.463,0.466,0.458,49569900,22906827
2024-02-21,0.460,0.464,0.471,0.459,65734500,30617370
2024-02-22,0.467,0.466,0.470,0.464,64716600,30203690
2024-02-23,0.469,0.467,0.470,0.463,51118400,23793821
2024-02-26,0.469,0.466,0.470,0.464,46076200,21500722
2024-02-27,0.463,0.478,0.480,0.463,72340500,33925126
2024-02-28,0.481,0.469,0.489,0.468,70381600,33885871
2024-02-29,0.468,0.485,0.485,0.466,70880700,33912410
2024-03-01,0.487,0.492,0.494,0.483,76294100,37272646
2024-03-04,0.493,0.494,0.497,0.490,106942400,52901356
2024-03-05,0.493,0.497,0.499,0.490,70617900,34999564
2024-03-06,0.495,0.493,0.502,0.490,325454200,161586377
2024-03-07,0.492,0.486,0.497,0.484,69149100,33889535
2024-03-08,0.485,0.490,0.491,0.482,56690000,27594616
2024-03-11,0.491,0.506,0.506,0.489,80108300,39913829
2024-03-12,0.506,0.507,0.513,0.505,62128400,31584938
2024-03-13,0.509,0.506,0.511,0.505,56044200,28454537
2024-03-14,0.507,0.502,0.510,0.499,58030100,29248862
2024-03-15,0.503,0.503,0.504,0.493,56045800,27857047
2024-03-18,0.503,0.513,0.513,0.503,63652300,32422815
2024-03-19,0.512,0.506,0.512,0.506,49126800,25022833
2024-03-20,0.506,0.507,0.508,0.502,47587900,24051064
2024-03-21,0.507,0.501,0.510,0.501,47781600,24151848
2024-03-22,0.498,0.495,0.502,0.494,52086400,25865859
2024-03-25,0.492,0.488,0.497,0.487,92259600,45504604
2024-03-26,0.489,0.486,0.492,0.485,57525500,28070858
2024-03-27,0.486,0.474,0.486,0.474,54030000,25934933
2024-03-28,0.472,0.478,0.484,0.472,56565400,27047083
2024-03-29,0.477,0.481,0.482,0.476,52434800,25074141
2024-04-01,0.480,0.491,0.492,0.480,49657000,24306606
2024-04-02,0.493,0.488,0.493,0.484,69690000,33941876
2024-04-03,0.487,0.481,0.487,0.480,61892200,29869021
2024-04-08,0.480,0.473,0.481,0.473,49914900,23811714
2024-04-09,0.472,0.477,0.478,0.471,29145200,13803833
2024-04-10,0.474,0.468,0.474,0.467,47657000,22411325
2024-04-11,0.466,0.470,0.473,0.466,56613200,26597564
2024-04-12,0.468,0.467,0.472,0.466,55484300,26046569
2024-04-15,0.467,0.475,0.477,0.467,57634000,27352203
2024-04-16,0.476,0.468,0.476,0.467,58337500,27414529
2024-04-17,0.468,0.476,0.476,0.467,50236800,23757991
2024-04-18,0.476,0.473,0.478,0.469,47335900,22461953
2024-04-19,0.471,0.463,0.471,0.460,62852600,29110216
2024-04-22,0.462,0.462,0.465,0.458,43573800,20143234
2024-04-23,0.463,0.461,0.465,0.457,43320200,19932704
2024-04-24,0.461,0.465,0.465,0.460,39774500,18385439
2024-04-25,0.463,0.462,0.467,0.460,48462600,22444055
2024-04-26,0.462,0.477,0.478,0.462,55342800,26214954
2024-04-29,0.478,0.493,0.498,0.478,62969500,30897005
2024-04-30,0.494,0.489,0.495,0.488,44878100,22052746
2024-05-06,0.494,0.498,0.501,0.494,46345500,23076700
2024-05-07,0.497,0.494,0.498,0.492,47662900,23607700
2024-05-08,0.493,0.486,0.493,0.486,37810100,18512069
2024-05-09,0.490,0.494,0.495,0.488,58256000,28695913
2024-05-10,0.493,0.489,0.494,0.486,77993100,38085090
2024-05-13,0.488,0.484,0.490,0.481,48660000,23650297
2024-05-14,0.488,0.483,0.488,0.482,48912500,23687889
2024-05-15,0.485,0.479,0.486,0.479,42265100,20421573
2024-05-16,0.479,0.481,0.485,0.479,51568600,24840845
2024-05-17,0.480,0.483,0.483,0.476,53247200,25491637
2024-05-20,0.482,0.485,0.487,0.481,51931300,25162179
2024-05-21,0.485,0.480,0.485,0.480,45401400,21864919
2024-05-22,0.482,0.488,0.489,0.479,58392300,28214041
2024-05-23,0.486,0.483,0.488,0.480,57634400,27847221
2024-05-24,0.478,0.473,0.484,0.472,49196300,23570750
2024-05-27,0.473,0.477,0.477,0.467,45224500,21294245
2024-05-28,0.478,0.473,0.478,0.472,40612300,19277964
2024-05-29,0.472,0.473,0.477,0.470,38340800,18201508
2024-05-30,0.470,0.476,0.477,0.470,40040500,19019543
2024-05-31,0.477,0.473,0.480,0.473,38787700,18486703
2024-06-03,0.475,0.478,0.479,0.472,44504900,21205647
2024-06-04,0.477,0.484,0.485,0.476,44011600,21140493
2024-06-05,0.484,0.483,0.488,0.482,38326700,18621597
2024-06-06,0.484,0.481,0.487,0.479,48321300,23352507
2024-06-07,0.481,0.472,0.481,0.468,50970000,24191325
2024-06-11,0.467,0.477,0.477,0.467,44486800,20967029
2024-06-12,0.477,0.474,0.478,0.474,33406100,15903338
2024-06-13,0.474,0.477,0.481,0.474,38764700,18526143
2024-06-14,0.477,0.478,0.478,0.471,31790400,15047055
2024-06-17,0.478,0.481,0.483,0.475,30447600,14577540
2024-06-18,0.482,0.483,0.487,0.480,29793900,14434243
2024-06-19,0.484,0.478,0.484,0.477,32298500,15490520
2024-06-20,0.478,0.476,0.482,0.476,24882400,11927661
2024-06-21,0.476,0.477,0.477,0.470,31874000,15073987
2024-06-24,0.476,0.469,0.477,0.468,35156300,16674624
2024-06-25,0.468,0.457,0.468,0.454,39441100,18191458
2024-06-26,0.458,0.464,0.465,0.455,27814300,12726656
2024-06-27,0.464,0.457,0.464,0.456,28753000,13192149
2024-06-28,0.455,0.456,0.462,0.453,32230800,14776688
2024-07-01,0.455,0.452,0.455,0.444,25815700,11586098
2024-07-02,0.452,0.448,0.453,0.446,29147200,13084221
2024-07-03,0.448,0.447,0.450,0.442,26409500,11758309
2024-07-04,0.448,0.444,0.450,0.442,34794100,15486170
2024-07-05,0.443,0.446,0.447,0.438,30554300,13486325
2024-07-08,0.446,0.440,0.447,0.439,28970900,12855076
2024-07-09,0.440,0.449,0.451,0.438,36390600,16099495
2024-07-10,0.448,0.450,0.453,0.447,23028600,10389622
2024-07-11,0.454,0.457,0.460,0.452,26754100,12167970
2024-07-12,0.457,0.455,0.457,0.451,30109600,13638250
2024-07-15,0.452,0.453,0.454,0.451,25110100,11365942
2024-07-16,0.455,0.462,0.462,0.450,52747100,24079958
2024-07-17,0.463,0.463,0.464,0.459,23986700,11083492
2024-07-18,0.461,0.467,0.468,0.457,33700300,15551751
2024-07-19,0.468,0.473,0.475,0.465,54834600,25822348
2024-07-22,0.473,0.473,0.477,0.471,29150300,13818234
2024-07-23,0.473,0.457,0.473,0.457,32653900,15186561
2024-07-24,0.457,0.453,0.460,0.451,41762400,19075602
2024-07-25,0.451,0.451,0.455,0.448,31436600,14198905
2024-07-26,0.453,0.455,0.457,0.450,26710600,12113662
2024-07-29,0.453,0.448,0.453,0.447,27245700,12259808
2024-07-30,0.446,0.447,0.448,0.443,28780200,12786522
2024-07-31,0.447,0.461,0.462,0.443,31331000,14176886
2024-08-01,0.461,0.457,0.464,0.456,27199400,12507328
2024-08-02,0.455,0.450,0.458,0.443,25957500,11760505
2024-08-05,0.446,0.440,0.452,0.440,35572900,15865375
2024-08-06,0.442,0.446,0.449,0.441,21795700,9674733
2024-08-07,0.445,0.443,0.448,0.443,24924100,11108609
2024-08-08,0.443,0.443,0.447,0.438,25117900,11096085
2024-08-09,0.444,0.441,0.448,0.440,26041000,11534349
2024-08-12,0.440,0.439,0.441,0.438,34217900,15035295
2024-08-13,0.438,0.441,0.441,0.436,32976100,14444279
2024-08-14,0.441,0.435,0.441,0.434,31483200,13753112
2024-08-15,0.435,0.438,0.441,0.434,34480500,15106476
2024-08-16,0.439,0.439,0.441,0.436,29755300,13037438
2024-08-19,0.438,0.439,0.443,0.437,26778700,11779050
2024-08-20,0.438,0.434,0.438,0.432,36272500,15779060
2024-08-21,0.434,0.432,0.435,0.431,31019100,13426370
2024-08-22,0.431,0.430,0.433,0.428,30461200,13089859
2024-08-23,0.427,0.428,0.431,0.424,36148900,15428455
2024-08-26,0.429,0.425,0.430,0.424,237243000,100949023
2024-08-27,0.425,0.422,0.425,0.421,48676600,20543742
2024-08-28,0.422,0.420,0.423,0.419,28700400,12069221
2024-08-29,0.420,0.424,0.426,0.415,35267400,14846106
2024-08-30,0.425,0.434,0.439,0.425,55656700,24170860
2024-09-02,0.435,0.423,0.435,0.423,39617500,16947766
2024-09-03,0.422,0.427,0.429,0.422,38672300,16475789
2024-09-04,0.427,0.425,0.429,0.420,34271600,14547136
2024-09-05,0.425,0.425,0.430,0.424,49136000,20939526
2024-09-06,0.424,0.418,0.424,0.417,38001500,16014699
2024-09-09,0.416,0.417,0.421,0.414,36145900,15086653
2024-09-10,0.417,0.421,0.423,0.414,43043100,17985165
2024-09-11,0.419,0.423,0.424,0.418,34678000,14643231
2024-09-12,0.425,0.421,0.428,0.420,28954000,12277962
2024-09-13,0.421,0.418,0.423,0.418,29129800,12233858
2024-09-18,0.418,0.416,0.418,0.413,47550100,19779204
2024-09-19,0.416,0.418,0.422,0.413,23486300,9813260
2024-09-20,0.420,0.416,0.420,0.412,36111800,14937163
2024-09-23,0.415,0.413,0.419,0.412,16354800,6781959
2024-09-24,0.417,0.430,0.431,0.412,37270200,15755449
2024-09-25,0.433,0.435,0.445,0.433,30808700,13542943
2024-09-26,0.435,0.448,0.449,0.430,58093800,25486362
2024-09-27,0.450,0.478,0.484,0.450,29201500,13651847
2024-09-30,0.503,0.574,0.574,0.500,159345500,86872226
2024-10-08,0.689,0.689,0.689,0.631,1068780700,725513684
2024-10-09,0.700,0.616,0.701,0.601,1004674600,647743590
2024-10-10,0.605,0.597,0.638,0.582,402673100,243480958
2024-10-11,0.588,0.562,0.589,0.555,325419500,185421342
2024-10-14,0.563,0.578,0.579,0.550,260460700,147408895
2024-10-15,0.575,0.556,0.581,0.555,227464300,129138280
2024-10-16,0.538,0.538,0.551,0.536,175447500,95109813
2024-10-17,0.542,0.539,0.551,0.538,137802400,75149029
2024-10-18,0.536,0.599,0.625,0.536,378981500,219728947
2024-10-21,0.615,0.597,0.624,0.584,457679100,275861221
2024-10-22,0.586,0.592,0.597,0.582,182901900,107770732
2024-10-23,0.588,0.587,0.600,0.582,178566500,105427719
2024-10-24,0.584,0.587,0.592,0.581,111812600,65495308
2024-10-25,0.590,0.599,0.611,0.585,210350900,125669827
2024-10-28,0.598,0.595,0.598,0.586,147527800,87245437
2024-10-29,0.594,0.582,0.599,0.582,145705300,85918493
2024-10-30,0.578,0.574,0.585,0.567,135994200,78202889
2024-10-31,0.573,0.575,0.584,0.566,154923500,89185178
2024-11-01,0.571,0.562,0.575,0.562,134800900,76619268
2024-11-04,0.561,0.574,0.575,0.561,97502000,55747389
2024-11-05,0.573,0.598,0.599,0.571,205320600,121316084
2024-11-06,0.600,0.595,0.610,0.590,183254300,109954921
2024-11-07,0.591,0.612,0.614,0.585,243677700,146909550
2024-11-08,0.620,0.606,0.627,0.605,276292100,171052311
2024-11-11,0.603,0.627,0.628,0.600,237615300,147136930
2024-11-12,0.628,0.622,0.636,0.615,171577600,107684885
2024-11-13,0.620,0.632,0.634,0.615,153245000,95575021
2024-11-14,0.629,0.612,0.633,0.609,121230200,75252040
2024-11-15,0.610,0.589,0.613,0.588,114180900,68642929
2024-11-18,0.589,0.574,0.594,0.571,108723800,63170219
2024-11-19,0.579,0.593,0.593,0.570,96205100,55936423
2024-11-20,0.590,0.594,0.598,0.587,81368500,48172861
2024-11-21,0.595,0.594,0.600,0.590,76328300,45441181
2024-11-22,0.590,0.572,0.596,0.570,103666600,60560413
2024-11-25,0.573,0.565,0.577,0.557,91031300,51432382
2024-11-26,0.566,0.564,0.571,0.561,68719200,38907831
2024-11-27,0.562,0.581,0.582,0.556,85350600,48627769
2024-11-28,0.580,0.572,0.581,0.571,77832700,44812820
2024-11-29,0.573,0.583,0.593,0.570,108864300,63514481
2024-12-02,0.583,0.592,0.594,0.580,95195200,56173163
2024-12-03,0.592,0.586,0.593,0.583,80647300,47406787
2024-12-04,0.588,0.580,0.592,0.579,93430800,54586755
2024-12-05,0.581,0.583,0.587,0.579,53139700,30934881
2024-12-06,0.583,0.593,0.597,0.580,112661100,66434169
2024-12-09,0.592,0.587,0.593,0.582,47402000,27812502
2024-12-10,0.620,0.589,0.625,0.588,143905300,86614452
2024-12-11,0.585,0.589,0.591,0.584,79600800,46750884
2024-12-12,0.589,0.594,0.596,0.586,77278600,45661190
2024-12-13,0.590,0.581,0.593,0.580,80190900,46939439
2024-12-16,0.582,0.573,0.586,0.571,48280400,27757302
2024-12-17,0.570,0.574,0.582,0.570,57574100,33138945
2024-12-18,0.571,0.576,0.578,0.570,52282300,30042884
2024-12-19,0.566,0.581,0.584,0.566,76777100,44413111
2024-12-20,0.580,0.587,0.594,0.578,89227100,52409473
2024-12-23,0.591,0.585,0.594,0.584,56719800,33403420
2024-12-24,0.585,0.591,0.592,0.581,70907000,41623105
2024-12-25,0.594,0.593,0.598,0.589,63234700,37572827
2024-12-26,0.590,0.598,0.600,0.590,71276410,42531793
2024-12-27,0.596,0.593,0.603,0.590,57568600,34417163
2024-12-30,0.591,0.591,0.597,0.589,70250600,41618379
2024-12-31,0.591,0.575,0.591,0.575,64387900,37539194
2025-01-02,0.574,0.557,0.576,0.551,84807200,47759176
2025-01-03,0.557,0.549,0.561,0.548,60004700,33348763
2025-01-06,0.550,0.549,0.555,0.545,38280400,21036658
2025-01-07,0.548,0.559,0.560,0.546,49066700,27162615
2025-01-08,0.553,0.556,0.562,0.543,54910100,30313983
2025-01-09,0.554,0.556,0.560,0.553,43610800,24317467
2025-01-10,0.556,0.548,0.561,0.548,57200600,31786598
2025-01-13,0.540,0.547,0.552,0.540,72390300,39538059
2025-01-14,0.549,0.568,0.568,0.543,71192300,39742296
2025-01-15,0.564,0.560,0.565,0.558,56663800,31739559
2025-01-16,0.562,0.558,0.570,0.553,92103100,51749562
2025-01-17,0.555,0.562,0.568,0.554,65114800,36478434
2025-01-20,0.565,0.569,0.574,0.565,75346000,42987705
2025-01-21,0.572,0.572,0.574,0.567,54350100,30980219
2025-01-22,0.570,0.571,0.574,0.566,35469100,20233403
2025-01-23,0.575,0.567,0.582,0.567,69123400,39757504
2025-01-24,0.567,0.572,0.576,0.566,49027600,28057372
2025-01-27,0.573,0.557,0.573,0.557,41351800,23295253
2025-02-05,0.564,0.560,0.566,0.557,46661000,26171652
2025-02-06,0.558,0.574,0.575,0.556,78815800,44690646
2025-02-07,0.574,0.584,0.591,0.574,103262700,60255032
2025-02-10,0.584,0.589,0.589,0.580,64188600,37524903
2025-02-11,0.587,0.583,0.588,0.581,53018600,31018688
2025-02-12,0.583,0.591,0.592,0.580,77044000,45101000
2025-02-13,0.591,0.580,0.592,0.580,99443800,58365039
2025-02-14,0.579,0.585,0.588,0.578,49097100,28687151
2025-02-17,0.590,0.593,0.596,0.588,89330100,52937977
2025-02-18,0.593,0.584,0.595,0.582,60950500,35955330
2025-02-19,0.583,0.594,0.595,0.582,66052700,39039529
2025-02-20,0.594,0.594,0.598,0.589,52971600,31470740
2025-02-21,0.594,0.618,0.620,0.594,242661812,148310016
2025-02-24,0.617,0.617,0.623,0.611,91325300,56398556
2025-02-25,0.610,0.614,0.623,0.607,74255800,45673738
2025-02-26,0.615,0.624,0.625,0.610,70786300,43810638
2025-02-27,0.623,0.620,0.629,0.610,78238200,48369178
2025-02-28,0.619,0.593,0.619,0.593,93773800,56621329
2025-03-03,0.595,0.595,0.604,0.589,60821400,36216591
2025-03-04,0.592,0.595,0.597,0.584,56755700,33470845
2025-03-05,0.594,0.596,0.599,0.591,58219000,34660817
2025-03-06,0.600,0.611,0.615,0.600,80948500,49352004
2025-03-07,0.608,0.603,0.609,0.600,52962500,32077281
2025-03-10,0.603,0.603,0.606,0.595,53532200,32103606
2025-03-11,0.598,0.601,0.601,0.593,49916000,29793550
2025-03-12,0.602,0.598,0.605,0.597,45135000,27146774
2025-03-13,0.597,0.586,0.598,0.583,63059900,37212141
2025-03-14,0.587,0.597,0.597,0.584,53571300,31718948
2025-03-17,0.598,0.593,0.598,0.591,42277300,25084679
2025-03-18,0.595,0.596,0.600,0.592,46699900,27829092
2025-03-19,0.593,0.592,0.597,0.589,40997700,24271225
2025-03-20,0.590,0.585,0.592,0.585,41202300,24241732
2025-03-21,0.586,0.574,0.586,0.571,65382500,37858672
2025-03-24,0.579,0.575,0.579,0.567,28786700,16474406
2025-03-25,0.575,0.572,0.578,0.569,45461200,26044227
2025-03-26,0.572,0.570,0.574,0.568,34550200,19741234
2025-03-27,0.567,0.571,0.576,0.564,44347000,25186086
2025-03-28,0.568,0.565,0.572,0.565,46703200,26566061
2025-03-31,0.565,0.561,0.565,0.556,52634600,29525734
2025-04-01,0.561,0.561,0.566,0.559,43670699,24587921
2025-04-02,0.559,0.561,0.565,0.559,40345200,22655754
2025-04-03,0.554,0.553,0.561,0.550,54969800,30500547
2025-04-07,0.540,0.496,0.540,0.474,102325300,51690160
2025-04-08,0.497,0.498,0.508,0.489,69814000,34738791
2025-04-09,0.484,0.509,0.516,0.484,80972200,40615111
2025-04-10,0.519,0.519,0.529,0.516,81096300,42341014
2025-04-11,0.515,0.530,0.535,0.515,70413400,37033648
2025-04-14,0.534,0.530,0.536,0.528,47099900,25100113
2025-04-15,0.530,0.527,0.532,0.522,36713700,19270875
2025-04-16,0.526,0.525,0.528,0.517,73758500,38464424
2025-04-17,0.521,0.527,0.531,0.521,37906000,20033632
2025-04-18,0.526,0.528,0.528,0.523,33247200,17458798
2025-04-21,0.528,0.531,0.533,0.524,72958300,38562132
2025-04-22,0.531,0.531,0.533,0.528,27824100,14773471
2025-04-23,0.533,0.535,0.538,0.530,44765900,23910198
2025-04-24,0.534,0.529,0.535,0.528,59416100,31504915
2025-04-25,0.530,0.532,0.535,0.528,35718100,19011402
2025-04-28,0.531,0.530,0.533,0.527,66245900,35150167
2025-04-29,0.529,0.529,0.532,0.527,27490700,14553425
2025-04-30,0.529,0.534,0.536,0.529,46960700,25064955
2025-05-06,0.537,0.543,0.544,0.537,56362000,30485316
2025-05-07,0.554,0.545,0.555,0.541,57822800,31630506
2025-05-08,0.545,0.552,0.554,0.543,84910700,46816042
2025-05-09,0.552,0.544,0.552,0.542,34911400,19031263
2025-05-12,0.549,0.554,0.554,0.548,47509300,26155384
2025-05-13,0.563,0.554,0.563,0.553,35534800,19765885
2025-05-14,0.553,0.557,0.560,0.551,51628400,28640624
2025-05-15,0.555,0.547,0.555,0.546,46316900,25441248
2025-05-16,0.545,0.545,0.549,0.545,38238800,20916580
2025-05-19,0.544,0.544,0.546,0.540,35585100,19340813
2025-05-20,0.545,0.548,0.550,0.543,38886900,21242655
2025-05-21,0.548,0.548,0.552,0.546,41290100,22676109
2025-05-22,0.549,0.544,0.549,0.544,23955900,13095315
2025-05-23,0.545,0.540,0.549,0.539,45408300,24725602
2025-05-26,0.539,0.538,0.542,0.536,46160700,24836328
2025-05-27,0.539,0.533,0.539,0.530,46462700,24744489
2025-05-28,0.533,0.533,0.535,0.531,30644700,16315047
2025-05-29,0.533,0.540,0.541,0.533,43484200,23438885
2025-05-30,0.538,0.535,0.540,0.533,24205500,12961871
2025-06-03,0.534,0.537,0.540,0.534,29482500,15850589
2025-06-04,0.537,0.542,0.543,0.537,34334300,18576733
2025-06-05,0.542,0.548,0.550,0.540,40694600,22183658
2025-06-06,0.547,0.546,0.549,0.545,20920500,11433313
2025-06-09,0.546,0.552,0.555,0.546,43384200,23945182
2025-06-10,0.551,0.545,0.553,0.542,76485600,41965436
2025-06-11,0.545,0.547,0.551,0.545,30806900,16883023
2025-06-12,0.548,0.546,0.550,0.543,41643700,22811185
2025-06-13,0.546,0.544,0.548,0.542,18018400,9816420
2025-06-16,0.544,0.546,0.548,0.542,25162200,13746216
2025-06-17,0.546,0.542,0.546,0.541,22787100,12372446
2025-06-18,0.541,0.546,0.548,0.541,22310900,12166960
2025-06-19,0.544,0.543,0.549,0.541,28172500,15349205
2025-06-20,0.542,0.540,0.546,0.539,20952400,11336223
2025-06-23,0.539,0.542,0.543,0.537,30742900,16632899
2025-06-24,0.543,0.550,0.551,0.540,46831400,25645239
2025-06-25,0.550,0.560,0.561,0.550,51695200,28682670
2025-06-26,0.560,0.558,0.568,0.558,51157200,28811456
2025-06-27,0.561,0.563,0.567,0.558,90876400,51087804
2025-06-30,0.564,0.572,0.572,0.563,47815600,27182726
2025-07-01,0.570,0.568,0.570,0.566,51734900,29365951
2025-07-02,0.568,0.560,0.568,0.559,31653300,17747866
2025-07-03,0.560,0.567,0.569,0.560,44087100,24893202
2025-07-04,0.567,0.565,0.572,0.564,40151300,22763148
2025-07-07,0.564,0.558,0.565,0.557,27815900,15539089
2025-07-08,0.558,0.572,0.573,0.558,49229500,27935068
2025-07-09,0.574,0.570,0.576,0.569,35002200,20060123
2025-07-10,0.572,0.571,0.574,0.568,27856900,15904155
2025-07-11,0.572,0.575,0.579,0.569,66671500,38305471
2025-07-14,0.576,0.574,0.577,0.573,27727500,15951109
2025-07-15,0.577,0.587,0.589,0.577,61130300,35779656
2025-07-16,0.588,0.587,0.597,0.587,53966100,31959684
2025-07-17,0.587,0.597,0.598,0.586,44901900,26624474
2025-07-18,0.600,0.601,0.607,0.598,51371100,30980857
2025-07-21,0.600,0.604,0.605,0.598,35305900,21212319
2025-07-22,0.604,0.606,0.608,0.602,37660600,22803878
2025-07-23,0.605,0.607,0.612,0.603,49227500,29967202
2025-07-24,0.609,0.615,0.616,0.607,41749300,25547803
2025-07-25,0.615,0.619,0.623,0.612,122286000,75508422
2025-07-28,0.620,0.624,0.625,0.617,36179400,22476766
2025-07-29,0.625,0.640,0.640,0.624,85916023,54468662
2025-07-30,0.640,0.630,0.640,0.627,52097900,33017534
2025-07-31,0.634,0.622,0.639,0.621,73371577,46281036
2025-08-01,0.622,0.617,0.628,0.613,33919000,21022513
2025-08-04,0.617,0.621,0.621,0.613,29634200,18282559
2025-08-05,0.623,0.623,0.625,0.617,37391800,23222839
2025-08-06,0.620,0.627,0.627,0.620,31134700,19440277
2025-08-07,0.627,0.624,0.632,0.620,34673800,21649546
2025-08-08,0.623,0.620,0.626,0.620,24236100,15083565
2025-08-11,0.622,0.629,0.632,0.621,35111000,22083745
2025-08-12,0.629,0.644,0.645,0.628,196190100,125334442
2025-08-13,0.645,0.663,0.666,0.645,102739188,67534700
2025-08-14,0.664,0.664,0.677,0.662,154380700,103613824
2025-08-15,0.662,0.674,0.675,0.660,52564200,35193670
2025-08-18,0.679,0.692,0.698,0.673,96989500,66539042
2025-08-19,0.688,0.690,0.701,0.686,55006200,38163204
2025-08-20,0.686,0.699,0.701,0.677,61792800,42535673
2025-08-21,0.700,0.700,0.710,0.697,58099700,40885798
2025-08-22,0.699,0.749,0.750,0.699,118700400,86563379
2025-08-25,0.756,0.781,0.785,0.756,130887200,100665973
2025-08-26,0.784,0.769,0.784,0.762,115448300,88984039
2025-08-27,0.773,0.775,0.805,0.770,120034700,94676992
2025-08-28,0.770,0.826,0.828,0.768,134786500,107737872
2025-08-29,0.818,0.833,0.839,0.807,92213000,75652605
2025-09-01,0.835,0.858,0.859,0.823,92228400,77476222
2025-09-02,0.854,0.830,0.865,0.819,116593700,98380566
2025-09-03,0.825,0.837,0.846,0.820,89330100,74403097
2025-09-04,0.842,0.783,0.851,0.773,168946800,136997245
2025-09-05,0.780,0.839,0.841,0.780,125867500,102102642
2025-09-08,0.837,0.826,0.839,0.811,90640700,74636483
2025-09-09,0.815,0.808,0.824,0.800,51652000,41850174
2025-09-10,0.809,0.820,0.830,0.807,62757600,51495135
2025-09-11,0.820,0.875,0.876,0.817,134215700,114580986
2025-09-12,0.872,0.870,0.878,0.858,101132300,87792515
2025-09-15,0.872,0.871,0.886,0.868,95777900,83729725
2025-09-16,0.873,0.878,0.883,0.864,70603100,61773180
2025-09-17,0.878,0.890,0.891,0.867,72092300,63649773
2025-09-18,0.888,0.894,0.911,0.870,120398800,107647535
2025-09-19,0.890,0.884,0.900,0.879,62787200,55837527
2025-09-22,0.882,0.895,0.899,0.870,79852700,70820989
2025-09-23,0.902,0.905,0.915,0.876,85325784,76512089
2025-09-24,0.892,0.924,0.931,0.888,72679273,66381602
2025-09-25,0.921,0.943,0.950,0.911,90287379,84389242
2025-09-26,0.934,0.920,0.949,0.917,83692300,78011051
2025-09-29,0.916,0.939,0.940,0.916,69229800,64467543
2025-09-30,0.941,0.941,0.954,0.934,61990843,58525932
2025-10-09,0.944,0.954,0.980,0.944,83953300,80763608
2025-10-10,0.943,0.900,0.943,0.895,91587273,83733883
2025-10-13,0.870,0.897,0.903,0.866,51807200,46005276
2025-10-14,0.904,0.855,0.908,0.851,84187100,73692663
2025-10-15,0.851,0.875,0.878,0.844,56837900,48942673
2025-10-16,0.872,0.880,0.893,0.866,48665900,42890296
2025-10-17,0.878,0.850,0.880,0.848,56194000,48210038
2025-10-20,0.867,0.865,0.885,0.857,50411600,43861275
2025-10-21,0.873,0.902,0.905,0.865,86160100,76810861
2025-10-22,0.890,0.900,0.907,0.888,68509400,61483450
2025-10-23,0.893,0.898,0.899,0.879,52119500,46380107
2025-10-24,0.904,0.942,0.942,0.902,113398000,104890389
2025-10-27,0.963,0.965,0.967,0.945,87998400,84354564
2025-10-28,0.955,0.960,0.978,0.951,78930930,76167339
2025-10-29,0.965,0.982,0.983,0.962,87926000,85714593
2025-10-30,0.981,0.964,0.989,0.962,88025891,85782768
2025-10-31,0.959,0.927,0.960,0.921,92538000,86632148
2025-11-03,0.923,0.924,0.926,0.898,60409309,55101885
2025-11-04,0.922,0.909,0.934,0.903,47107901,43199031
2025-11-05,0.888,0.919,0.922,0.886,45476918,41198248
2025-11-06,0.922,0.948,0.950,0.922,68602000,64506354
2025-11-07,0.940,0.940,0.951,0.933,54453630,51287294
2025-11-10,0.944,0.927,0.949,0.910,54445716,50207502
2025-11-11,0.931,0.910,0.939,0.909,43505600,40046274
2025-11-12,0.902,0.910,0.913,0.890,58402000,52557738
2025-11-13,0.907,0.921,0.924,0.901,49371400,45090660
2025-11-14,0.910,0.894,0.911,0.892,50790400,45846675
2025-11-17,0.890,0.890,0.902,0.881,45451800,40376431
2025-11-18,0.890,0.885,0.899,0.879,44354800,39409397
2025-11-19,0.883,0.887,0.897,0.881,37798900,33596534
2025-11-20,0.900,0.879,0.908,0.878,36518952,32412617
2025-11-21,0.862,0.843,0.864,0.841,62497100,53263645
2025-11-24,0.846,0.841,0.852,0.829,51243800,43081103
2025-11-25,0.850,0.856,0.870,0.850,49699300,42712995
2025-11-26,0.855,0.882,0.893,0.845,64920700,56726472
2025-11-27,0.881,0.877,0.910,0.877,74481200,66786037
2025-11-28,0.876,0.885,0.890,0.870,48890700,42993600
2025-12-01,0.887,0.895,0.896,0.873,46541200,41303565
2025-12-02,0.895,0.891,0.898,0.885,35199000,31407996
2025-12-03,0.891,0.884,0.903,0.881,91203100,81240135
2025-12-04,0.883,0.898,0.898,0.876,74064400,65955151
2025-12-05,0.898,0.907,0.908,0.890,109956700,99031742
2025-12-08,0.907,0.935,0.944,0.907,71796400,66825339
2025-12-09,0.931,0.947,0.953,0.930,81087000,76664947
2025-12-10,0.940,0.948,0.949,0.921,101081800,94473259
2025-12-11,0.943,0.927,0.954,0.927,62139400,58675896
2025-12-12,0.926,0.935,0.940,0.917,120001300,111796067
2025-12-15,0.923,0.917,0.936,0.914,66276900,61108516
2025-12-16,0.915,0.895,0.915,0.889,91995200,82706099
2025-12-17,0.892,0.931,0.932,0.892,66263900,60764137
2025-12-18,0.920,0.910,0.924,0.909,43164600,39511139
2025-12-19,0.919,0.912,0.925,0.909,36147100,33129238
2025-12-22,0.916,0.937,0.940,0.916,55290000,51583393
2025-12-23,0.937,0.941,0.948,0.935,47120900,44444812
2025-12-24,0.942,0.948,0.948,0.936,44717700,42135296
2025-12-25,0.945,0.945,0.953,0.936,37493100,35401283
2025-12-26,0.942,0.943,0.951,0.937,39310700,37118900
2025-12-29,0.937,0.942,0.952,0.937,47736000,45139130
2025-12-30,0.939,0.951,0.955,0.935,50131100,47516925
2025-12-31,0.951,0.933,0.954,0.930,56233600,52773907
2026-01-05,0.939,0.963,0.964,0.939,80800300,77233544
2026-01-06,0.960,0.967,0.974,0.953,94763600,91313820
2026-01-07,0.970,0.972,0.979,0.961,48205600,46811453
2026-01-08,0.965,0.968,0.985,0.965,60534100,58937619
2026-01-09,0.965,0.972,0.977,0.947,57785900,55677649
2026-01-12,0.968,0.978,0.982,0.956,54735300,53209058
2026-01-13,0.977,0.955,0.990,0.952,69071200,67059295
2026-01-14,0.954,0.969,0.980,0.954,53790700,52166012
2026-01-15,0.962,0.975,0.981,0.954,51011300,49269848
2026-01-16,0.984,0.983,0.993,0.977,46520400,45854479
2026-01-19,0.983,0.978,0.992,0.975,38089171,37408398
2026-01-20,0.978,0.956,0.981,0.950,46755100,44835319
2026-01-21,0.951,0.975,0.987,0.951,52534400,51369350
2026-01-22,0.982,0.986,0.997,0.971,41055200,40328554
2026-01-23,0.982,0.978,0.986,0.969,41894400,40892940
2026-01-26,0.973,0.971,0.982,0.965,19957200,19392205
2026-01-27,0.968,0.979,0.986,0.957,45652601,44522774
2026-01-28,0.981,0.977,0.989,0.968,40099000,39186568
2026-01-29,0.975,0.962,0.981,0.958,24885800,24068732
2026-01-30,0.958,0.978,0.985,0.944,43256200,41808273
2026-02-02,0.978,0.955,0.994,0.953,47099323,45793377
2026-02-03,0.964,0.961,0.975,0.936,68828000,65759063
2026-02-04,0.955,0.946,0.955,0.928,38940200,36529243
2026-02-05,0.935,0.929,0.940,0.923,29180300,27119479
2026-02-06,0.921,0.920,0.933,0.909,27234500,25041295
2026-02-09,0.932,0.954,0.956,0.927,41620200,39347593
2026-02-10,0.954,0.959,0.967,0.954,31920100,30691869
2026-02-11,0.959,0.942,0.959,0.938,27460419,25940052
2026-02-12,0.942,0.953,0.955,0.941,28112500,26686285
2026-02-13,0.946,0.945,0.954,0.940,28165600,26687556
2026-02-24,0.951,0.954,0.965,0.948,37829800,36150335
2026-02-25,0.956,0.963,0.969,0.950,24950100,23910071
2026-02-26,0.964,0.972,0.976,0.955,38007300,36666478
2026-02-27,0.962,0.958,0.962,0.949,34769019,33194426
2026-03-02,0.950,0.957,0.967,0.941,42333400,40421700
2026-03-03,0.960,0.928,0.969,0.926,45786000,43304054
2026-03-04,0.921,0.916,0.931,0.910,43436900,40056723
2026-03-05,0.931,0.937,0.951,0.927,43034900,40398680
2026-03-06,0.930,0.935,0.943,0.923,20271000,18878582
2026-03-09,0.922,0.919,0.928,0.892,37581100,33930235
2026-03-10,0.935,0.949,0.950,0.933,35113400,33126613
2026-03-11,0.951,0.951,0.965,0.949,30071600,28781191
2026-03-12,0.949,0.938,0.956,0.930,32911700,31040340
2026-03-13,0.940,0.939,0.947,0.931,19963900,18788419
2026-03-16,0.935,0.950,0.951,0.926,33857900,31776186
2026-03-17,0.954,0.926,0.958,0.923,73334800,68932607
2026-03-18,0.926,0.946,0.947,0.923,45773100,42742596
2026-03-19,0.935,0.937,0.949,0.931,26869500,25274907
2026-03-20,0.944,0.949,0.969,0.944,54001500,51821166
2026-03-23,0.941,0.917,0.943,0.911,37265100,34533232
2026-03-24,0.925,0.925,0.927,0.896,43438200,39675099
2026-03-25,0.931,0.945,0.949,0.931,38590200,36348580
2026-03-26,0.939,0.933,0.952,0.929,28830200,27159558
2026-03-27,0.926,0.932,0.940,0.916,22775900,21118963
2026-03-30,0.918,0.924,0.928,0.910,27392300,25189358
2026-03-31,0.918,0.898,0.924,0.896,40767200,37015241
2026-04-01,0.913,0.921,0.923,0.907,40706600,37249136
2026-04-02,0.916,0.898,0.916,0.892,36707000,33156895
2026-04-03,0.901,0.899,0.911,0.897,29611500,26758498
2026-04-07,0.899,0.907,0.912,0.898,41356000,37420943
2026-04-08,0.931,0.964,0.965,0.931,67176400,63709889
2026-04-09,0.951,0.957,0.966,0.948,33708300,32279653
2026-04-10,0.963,0.990,0.998,0.963,71767000,70783425
2026-04-13,0.984,1.001,1.009,0.984,50976355,50928407
2026-04-14,1.006,1.023,1.027,1.006,62822805,63985325
2026-04-15,1.029,1.013,1.036,1.005,55434300,56800596
2026-04-16,1.013,1.040,1.041,1.009,63127843,65005534
2026-04-17,1.042,1.061,1.064,1.042,39886477,42127877
2026-04-20,1.059,1.069,1.075,1.056,38781300,41318089
2026-04-21,1.062,1.065,1.068,1.046,36846100,38915474
2026-04-22,1.060,1.093,1.093,1.059,36927700,39797808
2026-04-23,1.097,1.081,1.105,1.068,45774618,49828683
2026-04-24,1.072,1.072,1.083,1.058,55635700,59477532
2026-04-27,1.075,1.081,1.088,1.072,35846600,38709966
2026-04-28,1.070,1.062,1.078,1.056,38441400,41015835
2026-04-29,1.062,1.081,1.083,1.049,37903800,40481647
2026-04-30,1.089,1.112,1.113,1.084,50527100,55621267
2026-05-06,1.126,1.147,1.171,1.126,62605619,72330307
2026-05-07,1.154,1.168,1.171,1.140,56098200,64716958
2026-05-08,1.153,1.153,1.162,1.144,43644100,50317492
2026-05-11,1.166,1.203,1.204,1.159,53400733,63451594
2026-05-12,1.203,1.219,1.226,1.196,65198486,79028924
2026-05-13,1.207,1.259,1.260,1.192,64784700,79227041
2026-05-14,1.273,1.234,1.279,1.222,55516510,69234050
2026-05-15,1.234,1.223,1.255,1.196,77276000,94581539
2026-05-18,1.210,1.221,1.243,1.209,46557300,57045271
2026-05-19,1.214,1.234,1.236,1.180,66996600,80592896
2026-05-20,1.223,1.255,1.261,1.223,61203700,76301858
2026-05-21,1.270,1.223,1.287,1.217,79824000,100554388
2026-05-22,1.226,1.260,1.262,1.226,62757300,78027041
2026-05-25,1.267,1.321,1.323,1.254,82942973,106603209
2026-05-26,1.320,1.324,1.330,1.298,57821851,75928872
2026-05-27,1.325,1.314,1.356,1.303,80555971,107244078
2026-05-28,1.310,1.352,1.354,1.295,72602011,96329003
2026-05-29,1.356,1.309,1.358,1.295,101260570,134554639
2026-06-01,1.299,1.258,1.320,1.254,108910100,139606527
2026-06-02,1.259,1.303,1.313,1.258,74186700,95034121
2026-06-03,1.307,1.343,1.380,1.306,104440700,140525991
2026-06-04,1.314,1.337,1.346,1.300,63159400,84136150
2026-06-05,1.317,1.276,1.341,1.265,82555982,107521984
2026-06-08,1.212,1.224,1.254,1.204,74004100,91213616
2026-06-09,1.242,1.279,1.280,1.230,68186000,85747358
2026-06-10,1.256,1.253,1.289,1.238,58480400,73900304
2026-06-11,1.238,1.244,1.273,1.218,66025900,82115537
2026-06-12,1.288,1.240,1.290,1.236,61918700,78068475
2026-06-15,1.258,1.308,1.309,1.237,72478200,92583089
2026-06-16,1.319,1.320,1.331,1.304,51249600,67525600
2026-06-17,1.300,1.363,1.363,1.297,105170007,140440325
2026-06-18,1.345,1.413,1.415,1.345,89945300,125088229
2026-06-22,1.413,1.426,1.434,1.384,82105400,115881999
2026-06-23,1.420,1.372,1.420,1.355,82193000,114538117
2026-06-24,1.359,1.406,1.407,1.358,87080200,120840753
2026-06-25,1.410,1.464,1.465,1.407,68805171,98934039
2026-06-26,1.434,1.412,1.448,1.388,86985100,123514575
2026-06-29,1.398,1.441,1.447,1.384,74359242,105358709
2026-06-30,1.440,1.490,1.495,1.436,63605692,93497609
2026-07-01,1.492,1.446,1.499,1.425,91401346,134510883
2026-07-02,1.386,1.347,1.410,1.334,141474600,194701835
2026-07-03,1.321,1.339,1.379,1.321,132611840,178654965
2026-07-06,1.353,1.335,1.364,1.300,59138800,79024821
2026-07-07,1.313,1.327,1.351,1.310,46150847,61407348
2026-07-08,1.335,1.317,1.358,1.296,60544147,80351113
2026-07-09,1.337,1.406,1.406,1.318,100332800,136362230
2026-07-10,1.411,1.329,1.424,1.325,87965478,121549301
2026-07-13,1.310,1.285,1.341,1.273,84952800,111370174
2026-07-14,1.285,1.323,1.324,1.250,79044400,102103182
2026-07-15,1.330,1.276,1.330,1.273,73505000,95295181
2026-07-16,1.246,1.230,1.280,1.215,59330100,73809240
2026-07-17,1.216,1.140,1.218,1.121,118882900,138765341
2026-07-20,1.168,1.153,1.186,1.105,141145878,163267744
2026-07-21,1.162,1.260,1.260,1.120,168455652,201180720
2026-07-22,1.232,1.211,1.262,1.204,104667951,129609219
2026-07-23,1.215,1.198,1.230,1.183,61701900,74320695
2026-07-24,1.181,1.179,1.203,1.171,60061900,71373928
2026-07-27,1.172,1.206,1.206,1.153,53094700,62829722
2026-07-28,1.179,1.111,1.182,1.100,109500100,124553626
2026-07-29,1.105,1.115,1.123,1.064,95484200,104573110
2026-07-30,1.092,1.057,1.104,1.030,149977200,160237890
2026-07-31,1.130,1.091,1.144,1.088,142573400,159849874
2026-08-03,1.066,1.056,1.085,1.052,72216400,76926709
2026-08-04,1.070,1.116,1.122,1.065,97525499,107084423
2026-08-05,1.088,1.144,1.160,1.060,117039900,131810191
2026-08-06,1.113,1.142,1.162,1.110,59341900,67388509
2026-08-07,1.135,1.161,1.176,1.134,104911072,121698132
2026-08-10,1.170,1.148,1.170,1.127,66152935,75533780
2026-08-11,1.144,1.146,1.168,1.135,46097493,53131761
2026-08-12,1.140,1.164,1.172,1.140,45944051,53252657
2026-08-13,1.175,1.158,1.194,1.156,66651550,78696660
2026-08-14,1.168,1.169,1.173,1.151,45298818,52727642
2026-08-17,1.169,1.209,1.209,1.163,71023700,84354265
2026-08-18,1.208,1.201,1.213,1.183,78482100,94062628
2026-08-19,1.180,1.120,1.180,1.113,100365900,114404485
2026-08-20,1.136,1.115,1.137,1.104,49740559,55840000
2026-08-21,1.111,1.129,1.140,1.111,51188300,57791596
2026-08-24,1.132,1.090,1.132,1.069,82959900,90559679
2026-08-25,1.069,1.086,1.098,1.066,64294918,69449504
2026-08-26,1.087,1.097,1.106,1.078,58248082,63601700
2026-08-27,1.102,1.120,1.123,1.096,58464955,64982014
2026-08-28,1.118,1.105,1.138,1.103,43355800,48520465
2026-08-31,1.080,1.107,1.109,1.076,44583355,48603866
2026-09-01,1.104,1.090,1.106,1.085,40251518,44011345
2026-09-02,1.075,1.066,1.077,1.056,53301900,56847317
2026-09-03,1.077,1.064,1.079,1.054,40527145,43203014
2026-09-04,1.070,1.056,1.083,1.045,46309400,49313617
2026-09-07,1.062,1.085,1.090,1.059,58994100,63399426
2026-09-08,1.081,1.070,1.090,1.063,46128000,49631083
2026-09-09,1.075,1.066,1.081,1.057,33261500,35499029
2026-09-10,1.047,1.058,1.069,1.047,33679100,35667468
2026-09-11,1.041,1.056,1.058,1.033,46325800,48418735
2026-09-14,1.044,1.036,1.051,1.030,47625900,49422020
2026-09-15,1.030,1.035,1.055,1.028,55087400,57351422
2026-09-16,1.036,1.068,1.074,1.031,56279900,59499167
2026-09-17,1.060,1.063,1.079,1.058,59156600,63142151
2026-09-18,1.075,1.089,1.101,1.073,66407800,72036667
2026-09-21,1.100,1.097,1.110,1.087,48648100,53436819
2026-09-22,1.115,1.100,1.130,1.095,56539200,63054528
2026-09-23,1.105,1.093,1.106,1.091,42686800,46890544
2026-09-24,1.084,1.065,1.090,1.064,50346000,54196544
2026-09-28,1.059,1.013,1.059,1.008,87959016,90109044
2026-09-29,1.010,1.018,1.022,1.008,39216600,39787076
2026-09-30,1.024,1.001,1.026,0.999,46827116,47224525
