decision_date,exec_date,regime,from,to,top1_score,top1_r2,turnover,cost_pct
2019-01-02,2019-01-03,weak,-,-,,,0.0,0.0
2019-01-30,2019-01-31,weak,-,-,,,0.0,0.0
2019-03-06,2019-03-07,normal,-,510300.SH,1.4056,0.9132,1.0,0.00075
2019-04-03,2019-04-04,normal,510300.SH,159915.SZ,1.5441,0.7835,2.0,0.0015
2019-05-07,2019-05-08,weak,159915.SZ,-,,,1.0,0.00075
2019-06-04,2019-06-05,weak,-,-,,,0.0,0.0
2019-07-03,2019-07-04,normal,-,510300.SH,0.2412,0.5323,1.0,0.00075
2019-07-31,2019-08-01,normal,510300.SH,159915.SZ,0.3586,0.6961,2.0,0.0015
2019-08-28,2019-08-29,normal,159915.SZ,512480.SH,0.3829,0.5698,2.0,0.0015
2019-09-26,2019-09-27,weak,512480.SH,-,,,1.0,0.00075
2019-10-31,2019-11-01,weak,-,-,,,0.0,0.0
2019-11-28,2019-11-29,weak,-,-,,,0.0,0.0
2019-12-26,2019-12-27,normal,-,512480.SH,1.1525,0.782,1.0,0.00075
2020-02-03,2020-02-04,weak,512480.SH,-,,,1.0,0.00075
2020-03-02,2020-03-03,weak,-,-,,,0.0,0.0
2020-03-30,2020-03-31,weak,-,-,,,0.0,0.0
2020-04-28,2020-04-29,normal,-,-,,,0.0,0.0
2020-05-29,2020-06-01,weak,-,-,,,0.0,0.0
2020-06-30,2020-07-01,normal,-,159915.SZ,0.6446,0.7263,1.0,0.00075
2020-07-28,2020-07-29,weak,159915.SZ,-,,,1.0,0.00075
2020-08-25,2020-08-26,normal,-,-,,,0.0,0.0
2020-09-22,2020-09-23,weak,-,-,,,0.0,0.0
2020-10-28,2020-10-29,weak,-,-,,,0.0,0.0
2020-11-25,2020-11-26,weak,-,-,,,0.0,0.0
2020-12-23,2020-12-24,normal,-,510300.SH,0.1352,0.4874,1.0,0.00075
2021-01-21,2021-01-22,normal,510300.SH,159915.SZ,1.2692,0.9119,2.0,0.0015
2021-02-25,2021-02-26,weak,159915.SZ,-,,,1.0,0.00075
2021-03-25,2021-03-26,weak,-,-,,,0.0,0.0
2021-04-23,2021-04-26,normal,-,-,,,0.0,0.0
2021-05-26,2021-05-27,normal,-,159915.SZ,0.7986,0.8272,1.0,0.00075
2021-06-24,2021-06-25,normal,159915.SZ,512480.SH,1.3459,0.8361,2.0,0.0015
2021-07-22,2021-07-23,normal,512480.SH,512480.SH,1.6248,0.8738,0.0,0.0
2021-08-19,2021-08-20,weak,512480.SH,-,,,1.0,0.00075
2021-09-16,2021-09-17,weak,-,-,,,0.0,0.0
2021-10-25,2021-10-26,normal,-,-,,,0.0,0.0
2021-11-22,2021-11-23,normal,-,159915.SZ,0.4828,0.8852,1.0,0.00075
2021-12-20,2021-12-21,weak,159915.SZ,-,,,1.0,0.00075
2022-01-18,2022-01-19,normal,-,-,,,0.0,0.0
2022-02-22,2022-02-23,weak,-,-,,,0.0,0.0
2022-03-22,2022-03-23,normal,-,-,,,0.0,0.0
2022-04-21,2022-04-22,weak,-,-,,,0.0,0.0
2022-05-24,2022-05-25,weak,-,-,,,0.0,0.0
2022-06-22,2022-06-23,normal,-,159915.SZ,1.0533,0.8616,1.0,0.00075
2022-07-20,2022-07-21,weak,159915.SZ,-,,,1.0,0.00075
2022-08-17,2022-08-18,normal,-,-,,,0.0,0.0
2022-09-15,2022-09-16,weak,-,-,,,0.0,0.0
2022-10-20,2022-10-21,weak,-,-,,,0.0,0.0
2022-11-17,2022-11-18,normal,-,-,,,0.0,0.0
2022-12-15,2022-12-16,normal,-,510300.SH,0.48,0.7759,1.0,0.00075
2023-01-13,2023-01-16,normal,510300.SH,510300.SH,0.122,0.4082,0.0,0.0
2023-02-17,2023-02-20,weak,510300.SH,-,,,1.0,0.00075
2023-03-17,2023-03-20,weak,-,-,,,0.0,0.0
2023-04-17,2023-04-18,normal,-,512480.SH,1.403,0.8634,1.0,0.00075
2023-05-18,2023-05-19,weak,512480.SH,-,,,1.0,0.00075
2023-06-15,2023-06-16,normal,-,-,,,0.0,0.0
2023-07-17,2023-07-18,weak,-,-,,,0.0,0.0
2023-08-14,2023-08-15,weak,-,-,,,0.0,0.0
2023-09-11,2023-09-12,weak,-,-,,,0.0,0.0
2023-10-17,2023-10-18,weak,-,-,,,0.0,0.0
2023-11-14,2023-11-15,normal,-,512480.SH,0.1908,0.4171,1.0,0.00075
2023-12-12,2023-12-13,normal,512480.SH,-,,,1.0,0.00075
2024-01-10,2024-01-11,weak,-,-,,,0.0,0.0
2024-02-07,2024-02-08,normal,-,-,,,0.0,0.0
2024-03-14,2024-03-15,normal,-,510300.SH,0.5747,0.7869,1.0,0.00075
2024-04-15,2024-04-16,normal,510300.SH,-,,,1.0,0.00075
2024-05-16,2024-05-17,weak,-,-,,,0.0,0.0
2024-06-14,2024-06-17,weak,-,-,,,0.0,0.0
2024-07-12,2024-07-15,normal,-,-,,,0.0,0.0
2024-08-09,2024-08-12,weak,-,-,,,0.0,0.0
2024-09-06,2024-09-09,weak,-,-,,,0.0,0.0
2024-10-15,2024-10-16,normal,-,159915.SZ,0.8953,0.4293,1.0,0.00075
2024-11-12,2024-11-13,normal,159915.SZ,512480.SH,3.3806,0.8464,2.0,0.0015
2024-12-10,2024-12-11,normal,512480.SH,-,,,1.0,0.00075
2025-01-08,2025-01-09,weak,-,-,,,0.0,0.0
2025-02-13,2025-02-14,normal,-,-,,,0.0,0.0
2025-03-13,2025-03-14,weak,-,-,,,0.0,0.0
2025-04-11,2025-04-14,weak,-,-,,,0.0,0.0
2025-05-14,2025-05-15,normal,-,-,,,0.0,0.0
2025-06-12,2025-06-13,normal,-,159915.SZ,0.3102,0.6368,1.0,0.00075
2025-07-10,2025-07-11,normal,159915.SZ,159915.SZ,0.3505,0.6741,0.0,0.0
2025-08-07,2025-08-08,normal,159915.SZ,159915.SZ,1.0417,0.9299,0.0,0.0
2025-09-04,2025-09-05,weak,159915.SZ,-,,,1.0,0.00075
2025-10-10,2025-10-13,normal,-,159915.SZ,1.8439,0.9271,1.0,0.00075
2025-11-07,2025-11-10,normal,159915.SZ,510300.SH,0.2163,0.6723,2.0,0.0015
2025-12-05,2025-12-08,normal,510300.SH,-,,,1.0,0.00075
2026-01-06,2026-01-07,normal,-,159915.SZ,0.1657,0.4046,1.0,0.00075
2026-02-03,2026-02-04,weak,159915.SZ,-,,,1.0,0.00075
2026-03-11,2026-03-12,normal,-,-,,,0.0,0.0
2026-04-09,2026-04-10,normal,-,-,,,0.0,0.0
2026-05-12,2026-05-13,normal,-,512480.SH,1.1446,0.6564,1.0,0.00075
2026-06-09,2026-06-10,weak,512480.SH,-,,,1.0,0.00075
2026-07-08,2026-07-09,weak,-,-,,,0.0,0.0
2026-08-05,2026-08-06,normal,-,-,,,0.0,0.0
2026-09-02,2026-09-03,weak,-,-,,,0.0,0.0
