date,open,high,low,close,volume,amount,turnover
2019-12-05,0.983,0.986,0.978,0.995,12230000,12010000,0
2019-12-06,0.993,0.984,0.982,0.996,28100000,27810000,0
2019-12-09,0.986,0.988,0.986,0.993,11000000,10890000,0
2019-12-10,0.987,0.987,0.984,0.990,5350000,5280000,0
2019-12-11,0.991,0.992,0.989,0.995,13580000,13470000,0
2019-12-12,0.990,0.985,0.985,0.990,8730000,8610000,0
2019-12-13,0.983,0.975,0.972,0.983,13270000,12980000,0
2019-12-16,0.978,0.983,0.977,0.983,9700000,9520000,0
2019-12-17,0.981,0.983,0.980,0.983,8180000,8040000,0
2019-12-18,0.984,0.986,0.984,0.988,9600000,9470000,0
2019-12-19,0.984,0.977,0.977,0.984,8370000,8200000,0
2019-12-20,0.980,0.977,0.975,0.981,6000000,5870000,0
2019-12-23,0.979,0.980,0.978,0.984,9690000,9510000,0
2019-12-24,0.982,0.981,0.979,0.983,4420000,4340000,0
2019-12-25,0.978,0.977,0.975,0.978,8450000,8250000,0
2019-12-26,0.976,0.976,0.973,0.977,13560000,13210000,0
2019-12-27,0.976,0.976,0.975,0.978,5460000,5330000,0
2019-12-30,0.976,0.988,0.975,0.988,14100000,13860000,0
2019-12-31,0.994,0.989,0.987,0.994,9010000,8910000,0
2020-01-02,0.989,0.988,0.986,0.992,11800000,11670000,0
2020-01-03,0.988,0.984,0.984,0.992,10540000,10410000,0
2020-01-06,0.979,0.978,0.976,0.980,11510000,11250000,0
2020-01-07,0.980,0.978,0.978,0.980,3960000,3880000,0
2020-01-08,0.975,0.975,0.972,0.979,17870000,17420000,0
2020-01-09,0.971,0.970,0.967,0.974,20620000,19990000,0
2020-01-10,0.965,0.956,0.955,0.965,29720000,28490000,0
2020-01-13,0.957,0.948,0.947,0.957,19430000,18480000,0
2020-01-14,0.953,0.950,0.948,0.953,36550000,34730000,0
2020-01-15,0.951,0.962,0.951,0.964,25130000,24070000,0
2020-01-16,0.957,0.959,0.955,0.959,10960000,10490000,0
2020-01-17,0.958,0.957,0.950,0.959,18860000,18010000,0
2020-01-20,0.956,0.957,0.955,0.958,6030000,5760000,0
2020-01-21,0.957,0.966,0.956,0.968,16170000,15560000,0
2020-01-22,0.956,0.954,0.951,0.957,30120000,28720000,0
2020-01-23,0.952,0.944,0.942,0.953,12210000,11580000,0
2020-02-03,0.908,0.919,0.908,0.922,17160000,15750000,0
2020-02-04,0.935,0.946,0.933,0.947,12240000,11490000,0
2020-02-05,0.944,0.942,0.939,0.945,11560000,10890000,0
2020-02-06,0.941,0.943,0.935,0.944,11300000,10620000,0
2020-02-07,0.941,0.940,0.938,0.942,7980000,7500000,0
2020-02-10,0.942,0.950,0.942,0.951,7390000,7000000,0
2020-02-11,0.947,0.948,0.945,0.951,5450000,5160000,0
2020-02-12,0.948,0.944,0.942,0.951,10080000,9550000,0
2020-02-13,0.950,0.959,0.946,0.960,18430000,17570000,0
2020-02-14,0.956,0.954,0.951,0.959,14040000,13400000,0
2020-02-17,0.958,0.958,0.956,0.962,15480000,14830000,0
2020-02-18,0.957,0.950,0.948,0.957,15790000,15010000,0
2020-02-19,0.950,0.951,0.946,0.952,10820000,10270000,0
2020-02-20,0.952,0.951,0.950,0.955,10030000,9550000,0
2020-02-21,0.954,0.951,0.950,0.956,7640000,7280000,0
2020-02-24,0.948,0.937,0.937,0.948,21200000,19960000,0
2020-02-25,0.937,0.942,0.936,0.942,13620000,12790000,0
2020-02-26,0.941,0.943,0.938,0.943,17290000,16260000,0
2020-02-27,0.946,0.945,0.944,0.951,16750000,15880000,0
2020-02-28,0.949,0.933,0.932,0.953,22510000,21250000,0
2020-03-02,0.945,0.971,0.943,0.972,50260000,48430000,0
2020-03-03,0.973,0.968,0.964,0.975,30720000,29760000,0
2020-03-04,0.967,0.968,0.964,0.979,30900000,29940000,0
2020-03-05,0.969,0.969,0.966,0.972,11100000,10740000,0
2020-03-06,0.965,0.964,0.960,0.965,19650000,18910000,0
2020-03-09,0.959,0.948,0.941,0.960,40490000,38400000,0
2020-03-10,0.953,0.957,0.950,0.958,9840000,9390000,0
2020-03-11,0.957,0.950,0.949,0.957,7750000,7380000,0
2020-03-12,0.949,0.946,0.942,0.950,10910000,10320000,0
2020-03-13,0.943,0.959,0.939,0.960,38520000,36610000,0
2020-03-16,0.966,0.959,0.956,0.976,52500000,50790000,0
2020-03-17,0.967,0.960,0.949,0.969,34480000,33030000,0
2020-03-18,0.963,0.958,0.957,0.969,21340000,20570000,0
2020-03-19,0.961,0.949,0.944,0.964,32910000,31250000,0
2020-03-20,0.969,0.977,0.969,0.979,28510000,27800000,0
2020-03-23,1.001,1.029,1.001,1.032,63900000,64730000,0
2020-03-24,1.038,1.015,1.007,1.038,65990000,66960000,0
2020-03-25,1.021,1.032,1.021,1.036,59640000,61400000,0
2020-03-26,1.019,1.005,1.002,1.021,43130000,43760000,0
2020-03-27,1.017,1.017,1.010,1.023,34120000,34710000,0
2020-03-30,1.040,1.026,1.025,1.043,58710000,60790000,0
2020-03-31,1.022,1.023,1.015,1.029,39310000,40150000,0
2020-04-01,1.022,0.993,0.987,1.024,114290000,114640000,0
2020-04-02,0.986,0.989,0.983,0.992,50860000,50260000,0
2020-04-03,0.984,0.976,0.974,0.984,56480000,55250000,0
2020-04-07,0.978,0.979,0.976,0.984,70110000,68650000,0
2020-04-08,0.980,0.981,0.977,0.982,52960000,51880000,0
2020-04-09,0.982,0.982,0.978,0.983,34310000,33640000,0
2020-04-10,0.984,0.983,0.982,0.990,48850000,48170000,0
2020-04-13,0.988,0.976,0.975,0.990,47880000,46970000,0
2020-04-14,0.972,0.976,0.969,0.977,37530000,36520000,0
2020-04-15,0.976,0.977,0.974,0.981,37000000,36170000,0
2020-04-16,0.975,0.962,0.961,0.975,60910000,58950000,0
2020-04-17,0.963,0.961,0.959,0.966,44850000,43160000,0
2020-04-20,0.953,0.951,0.950,0.955,49400000,47040000,0
2020-04-21,0.948,0.950,0.944,0.951,48280000,45750000,0
2020-04-22,0.958,0.960,0.951,0.960,57200000,54610000,0
2020-04-23,0.962,0.963,0.959,0.965,45140000,43400000,0
2020-04-24,0.962,0.959,0.956,0.962,44170000,42350000,0
2020-04-27,0.955,0.965,0.954,0.966,55210000,53050000,0
2020-04-28,0.961,0.951,0.950,0.961,72580000,69370000,0
2020-04-29,0.947,0.947,0.946,0.951,51530000,48860000,0
2020-04-30,0.948,0.949,0.946,0.950,26210000,24850000,0
2020-05-06,0.951,0.957,0.951,0.958,26790000,25560000,0
2020-05-07,0.959,0.956,0.955,0.959,29720000,28450000,0
2020-05-08,0.959,0.956,0.956,0.961,40770000,39040000,0
2020-05-11,0.960,0.950,0.948,0.961,50390000,48190000,0
2020-05-12,0.947,0.950,0.946,0.952,40240000,38160000,0
2020-05-13,0.950,0.946,0.944,0.950,43770000,41400000,0
2020-05-14,0.938,0.935,0.932,0.939,51340000,48000000,0
2020-05-15,0.937,0.937,0.936,0.940,26410000,24780000,0
2020-05-18,0.938,0.952,0.938,0.954,36310000,34460000,0
2020-05-19,0.952,0.950,0.946,0.952,22180000,21040000,0
2020-05-20,0.951,0.956,0.950,0.958,41880000,39960000,0
2020-05-21,0.956,0.950,0.948,0.956,25460000,24260000,0
2020-05-22,0.951,0.958,0.951,0.961,53990000,51650000,0
2020-05-25,0.965,0.967,0.964,0.970,27880000,26980000,0
2020-05-26,0.967,0.969,0.963,0.970,23490000,22720000,0
2020-05-27,0.978,0.980,0.976,0.983,34160000,33480000,0
2020-05-28,0.981,0.969,0.969,0.981,28790000,28040000,0
2020-05-29,0.971,0.973,0.968,0.975,33800000,32830000,0
2020-06-01,0.970,0.968,0.963,0.970,40460000,39080000,0
2020-06-02,0.968,0.966,0.964,0.972,18800000,18200000,0
2020-06-03,0.969,0.973,0.968,0.975,28750000,27960000,0
2020-06-04,0.979,0.985,0.979,0.988,36150000,35530000,0
2020-06-05,0.989,0.987,0.986,0.992,28380000,28070000,0
2020-06-08,0.984,0.976,0.976,0.986,32690000,32070000,0
2020-06-09,0.977,0.979,0.976,0.980,22490000,21990000,0
2020-06-10,0.977,0.979,0.974,0.980,13710000,13390000,0
2020-06-11,0.980,0.972,0.970,0.981,18840000,18360000,0
2020-06-12,0.977,0.984,0.977,0.984,44940000,44080000,0
2020-06-15,0.983,0.975,0.973,0.984,28370000,27770000,0
2020-06-16,0.982,0.983,0.981,0.986,32810000,32250000,0
2020-06-17,0.976,0.979,0.975,0.979,19900000,19440000,0
2020-06-18,0.978,0.979,0.976,0.981,29350000,28710000,0
2020-06-19,0.976,0.976,0.974,0.978,23450000,22900000,0
2020-06-22,0.981,0.981,0.980,0.984,21430000,21050000,0
2020-06-23,0.985,0.978,0.977,0.993,37120000,36440000,0
2020-06-24,0.977,0.979,0.976,0.981,22590000,22110000,0
2020-06-29,0.973,0.974,0.972,0.976,13830000,13470000,0
2020-06-30,0.975,0.976,0.974,0.977,8750000,8530000,0
2020-07-01,0.995,1.002,0.993,1.004,62280000,62140000,0
2020-07-02,1.011,1.006,1.003,1.012,24300000,24510000,0
2020-07-03,1.006,1.006,1.003,1.009,35150000,35360000,0
2020-07-06,1.013,1.014,1.011,1.016,49020000,49630000,0
2020-07-07,1.013,1.008,1.006,1.013,54740000,55210000,0
2020-07-08,1.002,1.004,1.000,1.006,29710000,29810000,0
2020-07-09,1.005,1.006,1.002,1.009,48890000,49130000,0
2020-07-10,1.007,1.011,1.007,1.016,60660000,61330000,0
2020-07-13,1.000,1.000,0.997,1.003,20060000,20040000,0
2020-07-14,0.996,0.998,0.995,0.998,12080000,12040000,0
2020-07-15,0.998,0.999,0.996,0.999,15690000,15650000,0
2020-07-16,0.998,1.006,0.997,1.011,34150000,34270000,0
2020-07-17,1.009,1.010,1.005,1.011,19000000,19140000,0
2020-07-20,1.010,1.016,1.009,1.016,26330000,26680000,0
2020-07-21,1.023,1.016,1.016,1.026,30710000,31390000,0
2020-07-22,1.019,1.020,1.015,1.020,16240000,16520000,0
2020-07-23,1.022,1.029,1.022,1.031,23780000,24410000,0
2020-07-24,1.032,1.046,1.032,1.047,40800000,42430000,0
2020-07-27,1.052,1.051,1.046,1.058,40200000,42330000,0
2020-07-28,1.030,1.021,1.020,1.035,33630000,34570000,0
2020-07-29,1.025,1.026,1.023,1.028,15240000,15630000,0
2020-07-30,1.019,1.021,1.018,1.025,17640000,18010000,0
2020-07-31,1.024,1.025,1.021,1.026,15090000,15450000,0
2020-08-03,1.028,1.027,1.020,1.030,25730000,26360000,0
2020-08-04,1.021,1.021,1.020,1.023,18590000,18980000,0
2020-08-05,1.011,1.010,1.008,1.015,26460000,26720000,0
2020-08-06,1.010,1.004,1.000,1.010,24900000,25000000,0
2020-08-07,1.000,1.003,1.000,1.008,22740000,22840000,0
2020-08-10,1.000,1.000,0.992,1.001,21820000,21750000,0
2020-08-11,1.003,0.997,0.996,1.004,17870000,17840000,0
2020-08-12,0.997,0.995,0.993,0.997,21350000,21250000,0
2020-08-13,1.002,1.006,1.001,1.010,28560000,28730000,0
2020-08-14,1.015,1.011,1.008,1.016,28830000,29170000,0
2020-08-17,1.013,1.014,1.008,1.015,31460000,31820000,0
2020-08-18,1.015,1.016,1.015,1.020,20140000,20480000,0
2020-08-19,1.014,1.014,1.007,1.014,21590000,21830000,0
2020-08-20,1.013,1.014,1.012,1.016,16040000,16260000,0
2020-08-21,1.008,1.009,1.005,1.009,15810000,15900000,0
2020-08-24,1.005,1.006,1.002,1.010,34200000,34370000,0
2020-08-25,1.020,1.018,1.017,1.021,21860000,22250000,0
2020-08-26,1.025,1.027,1.025,1.029,27300000,28000000,0
2020-08-27,1.022,1.023,1.020,1.024,17510000,17870000,0
2020-08-28,1.030,1.024,1.023,1.033,20270000,20850000,0
2020-08-31,1.038,1.041,1.038,1.043,22900000,23820000,0
2020-09-01,1.025,1.029,1.024,1.031,29310000,30140000,0
2020-09-02,1.030,1.028,1.026,1.030,9660000,9920000,0
2020-09-03,1.031,1.023,1.022,1.032,33320000,34250000,0
2020-09-04,1.024,1.042,1.024,1.042,36700000,37840000,0
2020-09-07,1.051,1.046,1.045,1.053,50100000,52550000,0
2020-09-08,1.046,1.049,1.042,1.054,33160000,34770000,0
2020-09-09,1.044,1.040,1.038,1.045,21500000,22390000,0
2020-09-10,1.047,1.047,1.044,1.052,15830000,16600000,0
2020-09-11,1.049,1.069,1.046,1.071,38090000,40460000,0
2020-09-14,1.090,1.087,1.083,1.099,47060000,51320000,0
2020-09-15,1.089,1.090,1.086,1.093,22060000,24010000,0
2020-09-16,1.080,1.070,1.063,1.080,28900000,30940000,0
2020-09-17,1.085,1.072,1.071,1.087,35070000,37770000,0
2020-09-18,1.103,1.104,1.095,1.105,31880000,35070000,0
2020-09-21,1.104,1.094,1.093,1.104,24370000,26730000,0
2020-09-22,1.080,1.081,1.077,1.090,26460000,28670000,0
2020-09-23,1.085,1.076,1.071,1.089,30270000,32710000,0
2020-09-24,1.077,1.077,1.068,1.080,21830000,23460000,0
2020-09-25,1.075,1.072,1.071,1.076,17060000,18310000,0
2020-09-28,1.081,1.081,1.073,1.085,33020000,35690000,0
2020-09-29,1.075,1.072,1.070,1.076,12990000,13940000,0
2020-09-30,1.074,1.078,1.073,1.083,25370000,27310000,0
2020-10-09,1.136,1.140,1.132,1.143,39900000,45410000,0
2020-10-12,1.143,1.149,1.140,1.153,27670000,31690000,0
2020-10-13,1.125,1.129,1.123,1.135,68740000,77440000,0
2020-10-14,1.129,1.127,1.119,1.129,55570000,62520000,0
2020-10-15,1.128,1.127,1.122,1.134,26110000,29460000,0
2020-10-16,1.137,1.144,1.135,1.144,22530000,25660000,0
2020-10-19,1.138,1.143,1.108,1.143,32260000,36580000,0
2020-10-20,1.140,1.146,1.140,1.157,12680000,14560000,0
2020-10-21,1.148,1.145,1.145,1.160,61820000,71200000,0
2020-10-22,1.148,1.145,1.145,1.158,39870000,45890000,0
2020-10-23,1.145,1.131,1.131,1.146,22940000,26100000,0
2020-10-26,1.144,1.139,1.134,1.147,16110000,18410000,0
2020-10-27,1.137,1.135,1.134,1.141,13120000,14910000,0
2020-10-28,1.131,1.130,1.125,1.138,20160000,22870000,0
2020-10-29,1.120,1.119,1.111,1.122,18030000,20130000,0
2020-10-30,1.118,1.117,1.112,1.123,25650000,28640000,0
2020-11-02,1.119,1.107,1.106,1.121,29660000,32960000,0
2020-11-03,1.108,1.113,1.108,1.115,17560000,19530000,0
2020-11-04,1.117,1.122,1.113,1.122,11870000,13260000,0
2020-11-05,1.138,1.145,1.137,1.150,30210000,34560000,0
2020-11-06,1.146,1.145,1.143,1.152,21710000,24910000,0
2020-11-09,1.145,1.133,1.131,1.145,19280000,21880000,0
2020-11-10,1.139,1.137,1.127,1.141,28920000,32800000,0
2020-11-11,1.161,1.173,1.161,1.174,42050000,49130000,0
2020-11-12,1.173,1.162,1.160,1.173,33000000,38440000,0
2020-11-13,1.164,1.153,1.147,1.164,18460000,21260000,0
2020-11-16,1.154,1.149,1.145,1.158,13150000,15130000,0
2020-11-17,1.150,1.158,1.146,1.158,20320000,23350000,0
2020-11-18,1.160,1.158,1.151,1.167,10180000,11770000,0
2020-11-19,1.158,1.162,1.155,1.163,11510000,13340000,0
2020-11-20,1.165,1.177,1.162,1.179,11230000,13150000,0
2020-11-23,1.187,1.192,1.187,1.196,16950000,20210000,0
2020-11-24,1.185,1.186,1.181,1.192,19220000,22790000,0
2020-11-25,1.187,1.181,1.178,1.188,19720000,23330000,0
2020-11-26,1.176,1.180,1.173,1.183,14290000,16840000,0
2020-11-27,1.174,1.175,1.170,1.181,7460000,8780000,0
2020-11-30,1.185,1.181,1.166,1.186,12420000,14610000,0
2020-12-01,1.170,1.158,1.157,1.170,13030000,15120000,0
2020-12-02,1.153,1.140,1.140,1.153,18290000,20940000,0
2020-12-03,1.138,1.134,1.130,1.138,13340000,15120000,0
2020-12-04,1.138,1.142,1.131,1.142,13190000,14970000,0
2020-12-07,1.135,1.138,1.126,1.140,17270000,19560000,0
2020-12-08,1.138,1.130,1.130,1.139,11920000,13500000,0
2020-12-09,1.133,1.131,1.129,1.135,10710000,12130000,0
2020-12-10,1.142,1.150,1.138,1.150,21170000,24220000,0
2020-12-11,1.140,1.131,1.129,1.140,19030000,21580000,0
2020-12-14,1.133,1.137,1.133,1.140,6480000,7370000,0
2020-12-15,1.135,1.134,1.122,1.136,13340000,15040000,0
2020-12-16,1.147,1.149,1.145,1.150,7970000,9150000,0
2020-12-17,1.148,1.149,1.145,1.153,9580000,11020000,0
2020-12-18,1.162,1.165,1.159,1.167,16690000,19420000,0
2020-12-21,1.179,1.201,1.178,1.202,28090000,33410000,0
2020-12-22,1.218,1.211,1.205,1.223,21970000,26660000,0
2020-12-23,1.208,1.213,1.202,1.217,22940000,27770000,0
2020-12-24,1.214,1.205,1.205,1.217,12430000,15040000,0
2020-12-25,1.195,1.206,1.192,1.207,13470000,16180000,0
2020-12-28,1.218,1.205,1.203,1.218,5910000,7160000,0
2020-12-29,1.200,1.196,1.188,1.203,13470000,16100000,0
2020-12-30,1.220,1.229,1.219,1.233,12980000,15920000,0
2020-12-31,1.248,1.271,1.248,1.271,20900000,26280000,0
2021-01-04,1.273,1.277,1.269,1.296,36900000,47210000,0
2021-01-05,1.265,1.279,1.261,1.279,38840000,49180000,0
2021-01-06,1.297,1.290,1.282,1.299,22660000,29220000,0
2021-01-07,1.288,1.286,1.281,1.290,11470000,14740000,0
2021-01-08,1.277,1.291,1.273,1.295,19180000,24620000,0
2021-01-11,1.316,1.322,1.309,1.326,18950000,24980000,0
2021-01-12,1.328,1.326,1.315,1.328,13590000,17970000,0
2021-01-13,1.376,1.385,1.371,1.388,31750000,43730000,0
2021-01-14,1.376,1.370,1.357,1.376,21730000,29690000,0
2021-01-15,1.375,1.364,1.358,1.380,26570000,36350000,0
2021-01-18,1.364,1.340,1.337,1.364,37600000,50490000,0
2021-01-19,1.342,1.337,1.329,1.344,23000000,30760000,0
2021-01-20,1.298,1.296,1.280,1.300,33340000,43050000,0
2021-01-21,1.302,1.306,1.299,1.309,28130000,36670000,0
2021-01-22,1.283,1.274,1.267,1.287,26000000,33170000,0
2021-01-25,1.258,1.253,1.244,1.258,19830000,24750000,0
2021-01-26,1.264,1.257,1.255,1.270,15810000,19980000,0
2021-01-27,1.276,1.291,1.274,1.298,27090000,34800000,0
2021-01-28,1.287,1.275,1.272,1.287,14100000,18050000,0
2021-01-29,1.269,1.276,1.263,1.276,13470000,17080000,0
2021-02-01,1.273,1.275,1.268,1.287,11770000,15040000,0
2021-02-02,1.265,1.250,1.250,1.266,14240000,17920000,0
2021-02-03,1.239,1.248,1.232,1.250,11970000,14820000,0
2021-02-04,1.260,1.276,1.260,1.277,13230000,16770000,0
2021-02-05,1.277,1.290,1.272,1.292,12270000,15730000,0
2021-02-08,1.290,1.267,1.262,1.290,14890000,18950000,0
2021-02-09,1.275,1.289,1.275,1.298,15090000,19440000,0
2021-02-10,1.275,1.272,1.265,1.276,14770000,18760000,0
2021-02-18,1.280,1.279,1.272,1.285,15110000,19310000,0
2021-02-19,1.269,1.267,1.258,1.269,20340000,25680000,0
2021-02-22,1.281,1.285,1.277,1.290,34190000,43820000,0
2021-02-23,1.280,1.318,1.273,1.318,32380000,42020000,0
2021-02-24,1.318,1.317,1.311,1.326,34510000,45450000,0
2021-02-25,1.313,1.311,1.308,1.321,30540000,40140000,0
2021-02-26,1.265,1.255,1.230,1.273,20970000,26480000,0
2021-03-01,1.260,1.256,1.253,1.267,9570000,12050000,0
2021-03-02,1.246,1.226,1.222,1.246,27550000,33900000,0
2021-03-03,1.241,1.246,1.241,1.252,17870000,22280000,0
2021-03-04,1.236,1.227,1.226,1.240,18960000,23400000,0
2021-03-05,1.222,1.230,1.213,1.238,18170000,22270000,0
2021-03-08,1.252,1.253,1.246,1.259,24590000,30840000,0
2021-03-09,1.240,1.229,1.228,1.244,15600000,19260000,0
2021-03-10,1.228,1.196,1.194,1.230,26150000,31640000,0
2021-03-11,1.160,1.172,1.155,1.174,39480000,45960000,0
2021-03-12,1.176,1.172,1.167,1.179,28470000,33430000,0
2021-03-15,1.176,1.177,1.166,1.179,23450000,27510000,0
2021-03-16,1.182,1.183,1.168,1.184,26700000,31430000,0
2021-03-17,1.196,1.195,1.190,1.202,9720000,11620000,0
2021-03-18,1.191,1.190,1.180,1.201,38260000,45520000,0
2021-03-19,1.182,1.191,1.179,1.195,14710000,17490000,0
2021-03-22,1.216,1.205,1.199,1.216,13770000,16590000,0
2021-03-23,1.188,1.195,1.179,1.199,21650000,25690000,0
2021-03-24,1.198,1.212,1.197,1.214,10950000,13210000,0
2021-03-25,1.220,1.213,1.211,1.220,14150000,17180000,0
2021-03-26,1.219,1.230,1.219,1.231,15510000,19010000,0
2021-03-29,1.214,1.214,1.213,1.222,16800000,20430000,0
2021-03-30,1.211,1.214,1.206,1.215,13020000,15780000,0
2021-03-31,1.202,1.208,1.200,1.210,8930000,10770000,0
2021-04-01,1.275,1.260,1.253,1.279,34270000,43410000,0
2021-04-02,1.250,1.251,1.245,1.257,15720000,19670000,0
2021-04-06,1.251,1.249,1.245,1.257,26080000,32650000,0
2021-04-07,1.249,1.268,1.247,1.271,20160000,25320000,0
2021-04-08,1.261,1.259,1.256,1.264,13440000,16930000,0
2021-04-09,1.264,1.263,1.252,1.265,11850000,14920000,0
2021-04-12,1.249,1.235,1.234,1.254,10990000,13680000,0
2021-04-13,1.235,1.232,1.230,1.237,10820000,13350000,0
2021-04-14,1.228,1.226,1.222,1.231,12290000,15060000,0
2021-04-15,1.237,1.244,1.225,1.245,16040000,19800000,0
2021-04-16,1.252,1.261,1.251,1.264,14450000,18210000,0
2021-04-19,1.263,1.260,1.259,1.274,14480000,18320000,0
2021-04-20,1.272,1.280,1.271,1.287,12220000,15660000,0
2021-04-21,1.279,1.284,1.276,1.288,9020000,11570000,0
2021-04-22,1.300,1.302,1.299,1.309,10090000,13170000,0
2021-04-23,1.309,1.308,1.302,1.312,14700000,19200000,0
2021-04-26,1.324,1.312,1.304,1.324,13980000,18330000,0
2021-04-27,1.317,1.325,1.314,1.326,14140000,18700000,0
2021-04-28,1.289,1.296,1.284,1.301,11310000,14630000,0
2021-04-29,1.293,1.284,1.282,1.294,15400000,19820000,0
2021-04-30,1.285,1.274,1.270,1.288,22230000,28410000,0
2021-05-06,1.301,1.313,1.301,1.321,23000000,30180000,0
2021-05-07,1.335,1.330,1.327,1.348,11980000,16040000,0
2021-05-10,1.326,1.321,1.314,1.328,11280000,14880000,0
2021-05-11,1.312,1.315,1.305,1.318,11660000,15280000,0
2021-05-12,1.341,1.354,1.340,1.357,11840000,15980000,0
2021-05-13,1.320,1.322,1.230,1.322,18200000,23920000,0
2021-05-14,1.293,1.290,1.283,1.303,13150000,16960000,0
2021-05-17,1.284,1.300,1.275,1.300,9490000,12210000,0
2021-05-18,1.300,1.298,1.290,1.302,8030000,10400000,0
2021-05-19,1.281,1.279,1.278,1.291,11850000,15200000,0
2021-05-20,1.274,1.278,1.271,1.279,10960000,13970000,0
2021-05-21,1.274,1.264,1.262,1.274,11990000,15190000,0
2021-05-24,1.251,1.266,1.248,1.270,8360000,10520000,0
2021-05-25,1.271,1.271,1.265,1.274,10680000,13560000,0
2021-05-26,1.257,1.260,1.252,1.264,12400000,15620000,0
2021-05-27,1.256,1.248,1.246,1.256,13410000,16770000,0
2021-05-28,1.268,1.266,1.264,1.275,14340000,18210000,0
2021-05-31,1.266,1.263,1.261,1.269,7320000,9260000,0
2021-06-01,1.273,1.268,1.268,1.280,10040000,12790000,0
2021-06-02,1.276,1.279,1.274,1.280,7770000,9930000,0
2021-06-03,1.275,1.289,1.274,1.291,9920000,12740000,0
2021-06-04,1.269,1.269,1.261,1.274,11690000,14800000,0
2021-06-07,1.295,1.300,1.295,1.302,12720000,16510000,0
2021-06-08,1.293,1.299,1.286,1.299,11820000,15300000,0
2021-06-09,1.303,1.298,1.295,1.309,10370000,13500000,0
2021-06-10,1.297,1.299,1.291,1.301,5210000,6760000,0
2021-06-11,1.305,1.305,1.298,1.313,7370000,9600000,0
2021-06-15,1.264,1.252,1.249,1.268,23850000,29930000,0
2021-06-16,1.249,1.244,1.243,1.250,10640000,13260000,0
2021-06-17,1.237,1.236,1.234,1.240,9200000,11380000,0
2021-06-18,1.203,1.210,1.195,1.213,11330000,13630000,0
2021-06-21,1.215,1.217,1.214,1.220,6290000,7650000,0
2021-06-22,1.222,1.218,1.216,1.223,4490000,5470000,0
2021-06-23,1.216,1.214,1.212,1.222,10440000,12690000,0
2021-06-24,1.207,1.218,1.207,1.219,5750000,6990000,0
2021-06-25,1.218,1.221,1.217,1.222,8450000,10300000,0
2021-06-28,1.219,1.239,1.219,1.239,13980000,17180000,0
2021-06-29,1.242,1.243,1.240,1.249,16640000,20690000,0
2021-06-30,1.246,1.253,1.242,1.256,16330000,20370000,0
2021-07-01,1.300,1.306,1.295,1.306,14620000,19020000,0
2021-07-02,1.319,1.329,1.317,1.329,13400000,17740000,0
2021-07-05,1.312,1.312,1.302,1.317,11130000,14600000,0
2021-07-06,1.309,1.303,1.300,1.313,14550000,18970000,0
2021-07-07,1.281,1.281,1.270,1.281,18860000,24050000,0
2021-07-08,1.276,1.285,1.275,1.286,8560000,10960000,0
2021-07-09,1.285,1.285,1.283,1.292,5500000,7070000,0
2021-07-12,1.288,1.286,1.280,1.293,3510000,4520000,0
2021-07-13,1.299,1.295,1.292,1.302,5440000,7050000,0
2021-07-14,1.294,1.299,1.293,1.301,5250000,6810000,0
2021-07-15,1.313,1.311,1.309,1.318,6320000,8300000,0
2021-07-16,1.311,1.312,1.308,1.314,9490000,12430000,0
2021-07-19,1.348,1.330,1.327,1.348,8910000,11900000,0
2021-07-20,1.323,1.326,1.320,1.330,21710000,28760000,0
2021-07-21,1.329,1.317,1.309,1.330,11970000,15760000,0
2021-07-22,1.310,1.298,1.297,1.314,23510000,30600000,0
2021-07-23,1.291,1.286,1.280,1.291,12100000,15530000,0
2021-07-26,1.258,1.256,1.254,1.261,7960000,10010000,0
2021-07-27,1.264,1.269,1.264,1.273,9210000,11700000,0
2021-07-28,1.276,1.274,1.273,1.281,7660000,9780000,0
2021-07-29,1.282,1.300,1.278,1.300,7490000,9670000,0
2021-07-30,1.300,1.311,1.300,1.312,6120000,8000000,0
2021-08-02,1.289,1.306,1.288,1.306,6630000,8620000,0
2021-08-03,1.295,1.302,1.289,1.304,4540000,5880000,0
2021-08-04,1.288,1.290,1.284,1.292,6930000,8920000,0
2021-08-05,1.284,1.278,1.277,1.290,4800000,6160000,0
2021-08-06,1.281,1.285,1.280,1.288,4710000,6060000,0
2021-08-09,1.288,1.300,1.287,1.305,7600000,9860000,0
2021-08-10,1.296,1.306,1.296,1.307,8240000,10720000,0
2021-08-11,1.303,1.304,1.297,1.307,6590000,8580000,0
2021-08-12,1.286,1.281,1.276,1.294,6390000,8200000,0
2021-08-13,1.283,1.311,1.281,1.311,13070000,16920000,0
2021-08-16,1.317,1.324,1.317,1.328,8300000,10970000,0
2021-08-17,1.324,1.325,1.320,1.328,10450000,13840000,0
2021-08-18,1.309,1.312,1.306,1.315,9080000,11900000,0
2021-08-19,1.295,1.292,1.288,1.300,5300000,6850000,0
2021-08-20,1.285,1.286,1.282,1.289,6040000,7760000,0
2021-08-23,1.275,1.271,1.266,1.275,9300000,11820000,0
2021-08-24,1.267,1.275,1.265,1.279,11010000,14010000,0
2021-08-25,1.276,1.279,1.275,1.281,6970000,8900000,0
2021-08-26,1.279,1.279,1.277,1.286,8750000,11200000,0
2021-08-27,1.277,1.274,1.269,1.281,9700000,12360000,0
2021-08-30,1.285,1.283,1.278,1.290,9690000,12450000,0
2021-08-31,1.274,1.279,1.270,1.283,8240000,10500000,0
2021-09-01,1.270,1.271,1.251,1.274,3470000,4410000,0
2021-09-02,1.262,1.274,1.260,1.280,8670000,11010000,0
2021-09-03,1.271,1.271,1.268,1.274,7020000,8920000,0
2021-09-06,1.271,1.268,1.263,1.272,8130000,10300000,0
2021-09-07,1.272,1.283,1.272,1.285,6400000,8190000,0
2021-09-08,1.277,1.270,1.270,1.279,6830000,8710000,0
2021-09-09,1.265,1.264,1.258,1.269,9790000,12370000,0
2021-09-10,1.264,1.270,1.262,1.272,7100000,9000000,0
2021-09-13,1.285,1.281,1.281,1.287,8770000,11270000,0
2021-09-14,1.284,1.291,1.284,1.293,6900000,8900000,0
2021-09-15,1.286,1.285,1.283,1.287,2670000,3430000,0
2021-09-16,1.290,1.291,1.280,1.291,3760000,4840000,0
2021-09-17,1.299,1.301,1.293,1.301,10010000,12980000,0
2021-09-22,1.291,1.286,1.284,1.293,4510000,5810000,0
2021-09-23,1.296,1.288,1.286,1.296,5800000,7480000,0
2021-09-24,1.283,1.274,1.274,1.290,6680000,8560000,0
2021-09-27,1.278,1.284,1.276,1.287,5320000,6820000,0
2021-09-28,1.281,1.271,1.269,1.281,6660000,8480000,0
2021-09-29,1.261,1.267,1.260,1.271,4180000,5280000,0
2021-09-30,1.266,1.261,1.259,1.266,7720000,9740000,0
2021-10-08,1.224,1.223,1.218,1.228,14260000,17430000,0
2021-10-11,1.217,1.214,1.210,1.220,14820000,18010000,0
2021-10-12,1.205,1.204,1.199,1.211,14880000,17940000,0
2021-10-13,1.191,1.183,1.181,1.193,17670000,20970000,0
2021-10-14,1.180,1.193,1.178,1.194,14640000,17370000,0
2021-10-15,1.192,1.193,1.187,1.194,8780000,10460000,0
2021-10-18,1.189,1.182,1.180,1.192,12150000,14390000,0
2021-10-19,1.180,1.179,1.177,1.184,11560000,13640000,0
2021-10-20,1.186,1.187,1.184,1.193,16230000,19290000,0
2021-10-21,1.188,1.189,1.183,1.195,15370000,18260000,0
2021-10-22,1.196,1.196,1.192,1.200,14390000,17200000,0
2021-10-25,1.203,1.199,1.195,1.210,15420000,18530000,0
2021-10-26,1.191,1.193,1.187,1.194,9000000,10720000,0
2021-10-27,1.184,1.190,1.182,1.191,9380000,11140000,0
2021-10-28,1.192,1.189,1.184,1.195,7100000,8440000,0
2021-10-29,1.188,1.181,1.181,1.188,8240000,9750000,0
2021-11-01,1.170,1.155,1.153,1.170,16400000,19020000,0
2021-11-02,1.155,1.151,1.149,1.158,11730000,13520000,0
2021-11-03,1.147,1.144,1.139,1.152,12710000,14560000,0
2021-11-04,1.140,1.147,1.136,1.149,14110000,16090000,0
2021-11-05,1.139,1.115,1.111,1.139,26290000,29530000,0
2021-11-08,1.119,1.128,1.119,1.129,11900000,13380000,0
2021-11-09,1.120,1.130,1.118,1.133,11100000,12500000,0
2021-11-10,1.141,1.143,1.139,1.144,16300000,18610000,0
2021-11-11,1.149,1.154,1.147,1.154,12520000,14390000,0
2021-11-12,1.153,1.154,1.150,1.157,8700000,10040000,0
2021-11-15,1.158,1.156,1.151,1.159,8330000,9620000,0
2021-11-16,1.167,1.166,1.161,1.171,11810000,13770000,0
2021-11-17,1.164,1.162,1.161,1.167,6500000,7560000,0
2021-11-18,1.172,1.174,1.169,1.174,6650000,7800000,0
2021-11-19,1.172,1.174,1.167,1.174,8850000,10370000,0
2021-11-22,1.167,1.167,1.163,1.172,8170000,9530000,0
2021-11-23,1.178,1.183,1.178,1.185,15800000,18670000,0
2021-11-24,1.182,1.182,1.180,1.185,8160000,9660000,0
2021-11-25,1.174,1.171,1.168,1.175,8980000,10520000,0
2021-11-26,1.169,1.171,1.167,1.173,5750000,6730000,0
2021-11-29,1.166,1.177,1.166,1.178,6880000,8060000,0
2021-11-30,1.166,1.165,1.160,1.169,8170000,9500000,0
2021-12-01,1.160,1.166,1.157,1.167,8330000,9670000,0
2021-12-02,1.161,1.169,1.160,1.170,3370000,3930000,0
2021-12-03,1.182,1.187,1.178,1.188,8090000,9570000,0
2021-12-06,1.185,1.180,1.174,1.185,11100000,13090000,0
2021-12-07,1.171,1.168,1.168,1.178,10460000,12270000,0
2021-12-08,1.163,1.167,1.161,1.168,6750000,7860000,0
2021-12-09,1.179,1.186,1.179,1.196,15550000,18500000,0
2021-12-10,1.192,1.198,1.192,1.202,12560000,15030000,0
2021-12-13,1.215,1.197,1.197,1.215,4590000,5510000,0
2021-12-14,1.190,1.178,1.177,1.192,6840000,8090000,0
2021-12-15,1.194,1.198,1.194,1.205,10330000,12400000,0
2021-12-16,1.198,1.213,1.195,1.217,12540000,15170000,0
2021-12-17,1.211,1.219,1.209,1.219,6230000,7570000,0
2021-12-20,1.218,1.211,1.204,1.219,5410000,6560000,0
2021-12-21,1.211,1.207,1.206,1.213,7560000,9150000,0
2021-12-22,1.220,1.218,1.213,1.222,15470000,18830000,0
2021-12-23,1.226,1.245,1.226,1.245,15230000,18830000,0
2021-12-24,1.248,1.252,1.247,1.253,8770000,10960000,0
2021-12-27,1.243,1.239,1.235,1.243,8510000,10540000,0
2021-12-28,1.246,1.249,1.244,1.260,11670000,14620000,0
2021-12-29,1.241,1.234,1.228,1.242,10100000,12480000,0
2021-12-30,1.234,1.240,1.234,1.242,5860000,7260000,0
2021-12-31,1.226,1.221,1.217,1.230,6690000,8160000,0
2022-01-04,1.246,1.245,1.241,1.248,8760000,10910000,0
2022-01-05,1.259,1.262,1.254,1.263,14530000,18280000,0
2022-01-06,1.251,1.232,1.231,1.254,14590000,18070000,0
2022-01-07,1.234,1.234,1.230,1.240,9840000,12160000,0
2022-01-10,1.248,1.237,1.235,1.252,16010000,19880000,0
2022-01-11,1.240,1.235,1.234,1.240,3090000,3820000,0
2022-01-12,1.234,1.241,1.228,1.247,7310000,9060000,0
2022-01-13,1.241,1.242,1.232,1.245,11470000,14220000,0
2022-01-14,1.233,1.223,1.219,1.233,6500000,7950000,0
2022-01-17,1.220,1.215,1.206,1.220,6610000,8000000,0
2022-01-18,1.212,1.209,1.209,1.216,7040000,8540000,0
2022-01-19,1.211,1.220,1.211,1.221,8050000,9790000,0
2022-01-20,1.236,1.246,1.236,1.246,8880000,11030000,0
2022-01-21,1.250,1.255,1.248,1.258,9030000,11310000,0
2022-01-24,1.250,1.250,1.248,1.255,9680000,12110000,0
2022-01-25,1.248,1.246,1.242,1.248,5650000,7030000,0
2022-01-26,1.246,1.245,1.242,1.251,6990000,8720000,0
2022-01-27,1.278,1.284,1.274,1.286,17420000,22330000,0
2022-01-28,1.287,1.294,1.287,1.301,17910000,23190000,0
2022-02-07,1.392,1.409,1.391,1.423,14860000,20880000,0
2022-02-08,1.415,1.418,1.411,1.425,24280000,34420000,0
2022-02-09,1.415,1.442,1.415,1.444,20700000,29690000,0
2022-02-10,1.455,1.465,1.453,1.476,25880000,37970000,0
2022-02-11,1.442,1.438,1.434,1.455,16400000,23680000,0
2022-02-14,1.435,1.430,1.428,1.445,14360000,20630000,0
2022-02-15,1.420,1.415,1.412,1.433,17750000,25220000,0
2022-02-16,1.414,1.420,1.407,1.430,11870000,16870000,0
2022-02-17,1.430,1.450,1.419,1.450,18980000,27220000,0
2022-02-18,1.457,1.452,1.442,1.457,12630000,18290000,0
2022-02-21,1.451,1.462,1.449,1.467,16450000,23980000,0
2022-02-22,1.482,1.492,1.469,1.492,15160000,22430000,0
2022-02-23,1.504,1.504,1.497,1.518,28860000,43470000,0
2022-02-24,1.531,1.568,1.529,1.590,63490000,98740000,0
2022-02-25,1.525,1.502,1.494,1.533,59420000,89860000,0
2022-02-28,1.484,1.484,1.470,1.486,26050000,38520000,0
2022-03-01,1.489,1.504,1.487,1.518,34160000,51310000,0
2022-03-02,1.514,1.504,1.476,1.516,46820000,70050000,0
2022-03-03,1.490,1.502,1.487,1.510,33420000,50060000,0
2022-03-04,1.501,1.500,1.490,1.521,49870000,75190000,0
2022-03-07,1.520,1.576,1.519,1.577,52540000,81530000,0
2022-03-08,1.585,1.600,1.550,1.613,108630000,172120000,0
2022-03-09,1.645,1.624,1.602,1.647,91690000,149390000,0
2022-03-10,1.560,1.583,1.560,1.600,59070000,93850000,0
2022-03-11,1.603,1.610,1.599,1.625,44820000,72000000,0
2022-03-14,1.602,1.624,1.601,1.626,45580000,73630000,0
2022-03-15,1.610,1.581,1.581,1.612,44820000,71520000,0
2022-03-16,1.585,1.610,1.583,1.616,38390000,61410000,0
2022-03-17,1.605,1.605,1.596,1.610,32090000,51420000,0
2022-03-18,1.617,1.641,1.617,1.641,40170000,65380000,0
2022-03-21,1.658,1.646,1.642,1.659,36800000,60680000,0
2022-03-22,1.683,1.697,1.679,1.701,50220000,85000000,0
2022-03-23,1.689,1.697,1.680,1.702,44690000,75520000,0
2022-03-24,1.699,1.687,1.680,1.700,51370000,86900000,0
2022-03-25,1.693,1.674,1.663,1.705,65150000,109790000,0
2022-03-28,1.655,1.647,1.642,1.675,42630000,70670000,0
2022-03-29,1.611,1.629,1.608,1.647,60420000,98240000,0
2022-03-30,1.592,1.583,1.581,1.602,48850000,77820000,0
2022-03-31,1.586,1.590,1.577,1.592,35030000,55520000,0
2022-04-01,1.548,1.501,1.501,1.549,44130000,67230000,0
2022-04-06,1.520,1.517,1.510,1.530,33540000,51030000,0
2022-04-07,1.511,1.509,1.502,1.518,23440000,35390000,0
2022-04-08,1.530,1.526,1.521,1.533,26000000,39730000,0
2022-04-11,1.558,1.554,1.541,1.561,31980000,49580000,0
2022-04-12,1.541,1.542,1.531,1.545,28030000,43110000,0
2022-04-13,1.540,1.541,1.530,1.549,29530000,45480000,0
2022-04-14,1.544,1.547,1.544,1.553,24840000,38430000,0
2022-04-15,1.543,1.547,1.541,1.560,33810000,52420000,0
2022-04-18,1.553,1.549,1.545,1.572,36230000,56370000,0
2022-04-19,1.565,1.588,1.560,1.590,49350000,77910000,0
2022-04-20,1.606,1.607,1.591,1.618,65500000,105180000,0
2022-04-21,1.618,1.632,1.616,1.632,59420000,96460000,0
2022-04-22,1.625,1.607,1.593,1.625,59320000,95770000,0
2022-04-25,1.580,1.553,1.552,1.590,57810000,90720000,0
2022-04-26,1.575,1.566,1.562,1.578,40350000,63280000,0
2022-04-27,1.566,1.573,1.557,1.574,45200000,70740000,0
2022-04-28,1.585,1.603,1.585,1.604,44060000,70310000,0
2022-04-29,1.596,1.607,1.589,1.607,36410000,58140000,0
2022-05-05,1.585,1.597,1.582,1.599,22500000,35810000,0
2022-05-06,1.583,1.565,1.564,1.586,28750000,45310000,0
2022-05-09,1.541,1.537,1.500,1.543,27480000,42240000,0
2022-05-10,1.535,1.547,1.529,1.551,15050000,23220000,0
2022-05-11,1.547,1.550,1.543,1.551,15940000,24650000,0
2022-05-12,1.557,1.550,1.548,1.557,13370000,20740000,0
2022-05-13,1.590,1.599,1.588,1.606,27120000,43340000,0
2022-05-16,1.636,1.637,1.623,1.639,19000000,30950000,0
2022-05-17,1.639,1.631,1.623,1.640,25440000,41510000,0
2022-05-18,1.634,1.630,1.628,1.639,11560000,18900000,0
2022-05-19,1.629,1.624,1.621,1.634,17420000,28360000,0
2022-05-20,1.643,1.646,1.639,1.646,24630000,40460000,0
2022-05-23,1.658,1.653,1.651,1.663,18250000,30240000,0
2022-05-24,1.618,1.616,1.611,1.624,23270000,37630000,0
2022-05-25,1.615,1.622,1.615,1.623,14210000,23010000,0
2022-05-26,1.608,1.626,1.601,1.626,18940000,30680000,0
2022-05-27,1.646,1.664,1.643,1.665,31650000,52360000,0
2022-05-30,1.661,1.654,1.649,1.663,31880000,52710000,0
2022-05-31,1.657,1.662,1.654,1.663,31640000,52480000,0
2022-06-01,1.624,1.632,1.620,1.634,17070000,27780000,0
2022-06-02,1.628,1.632,1.626,1.640,12690000,20740000,0
2022-06-06,1.644,1.637,1.634,1.647,23120000,37960000,0
2022-06-07,1.634,1.623,1.623,1.634,21670000,35300000,0
2022-06-08,1.652,1.654,1.649,1.659,32170000,53200000,0
2022-06-09,1.657,1.652,1.651,1.660,18190000,30110000,0
2022-06-10,1.671,1.681,1.671,1.687,25810000,43350000,0
2022-06-13,1.672,1.642,1.635,1.672,20790000,34350000,0
2022-06-14,1.629,1.636,1.626,1.636,13900000,22670000,0
2022-06-15,1.626,1.623,1.617,1.626,17890000,29000000,0
2022-06-16,1.626,1.625,1.620,1.629,12590000,20470000,0
2022-06-17,1.643,1.650,1.642,1.652,19040000,31370000,0
2022-06-20,1.634,1.629,1.624,1.638,20290000,33090000,0
2022-06-21,1.619,1.616,1.612,1.626,17610000,28500000,0
2022-06-22,1.613,1.589,1.589,1.614,21370000,34240000,0
2022-06-23,1.539,1.517,1.492,1.542,57300000,86730000,0
2022-06-24,1.494,1.494,1.473,1.504,45280000,67390000,0
2022-06-27,1.500,1.511,1.496,1.521,38150000,57550000,0
2022-06-28,1.523,1.539,1.523,1.540,22210000,34000000,0
2022-06-29,1.536,1.531,1.525,1.537,18060000,27650000,0
2022-06-30,1.542,1.542,1.534,1.548,14330000,22060000,0
2022-07-01,1.549,1.527,1.513,1.552,31550000,48270000,0
2022-07-04,1.499,1.510,1.496,1.519,20000000,30220000,0
2022-07-05,1.521,1.514,1.507,1.528,23050000,35030000,0
2022-07-06,1.494,1.499,1.454,1.502,48800000,72160000,0
2022-07-07,1.509,1.531,1.509,1.552,53130000,81520000,0
2022-07-08,1.548,1.541,1.536,1.548,20900000,32220000,0
2022-07-11,1.568,1.578,1.567,1.578,26050000,40980000,0
2022-07-12,1.567,1.571,1.564,1.580,22980000,36080000,0
2022-07-13,1.526,1.543,1.514,1.546,55400000,84640000,0
2022-07-14,1.559,1.563,1.551,1.568,18460000,28790000,0
2022-07-15,1.554,1.543,1.542,1.566,36340000,56410000,0
2022-07-18,1.555,1.569,1.552,1.577,32040000,50210000,0
2022-07-19,1.560,1.538,1.538,1.567,22970000,35630000,0
2022-07-20,1.501,1.504,1.493,1.509,55240000,82890000,0
2022-07-21,1.506,1.509,1.503,1.511,25930000,39080000,0
2022-07-22,1.482,1.485,1.478,1.498,21760000,32330000,0
2022-07-25,1.505,1.497,1.490,1.505,14170000,21220000,0
2022-07-26,1.532,1.539,1.530,1.540,18850000,28930000,0
2022-07-27,1.543,1.550,1.539,1.556,11240000,17410000,0
2022-07-28,1.575,1.564,1.563,1.581,22910000,35940000,0
2022-07-29,1.571,1.572,1.564,1.576,15660000,24570000,0
2022-08-01,1.580,1.579,1.568,1.590,34720000,54750000,0
2022-08-02,1.561,1.557,1.548,1.561,26730000,41520000,0
2022-08-03,1.552,1.557,1.550,1.567,22000000,34290000,0
2022-08-04,1.548,1.546,1.538,1.550,22790000,35160000,0
2022-08-05,1.589,1.607,1.585,1.607,29010000,46330000,0
2022-08-08,1.599,1.592,1.584,1.599,10540000,16730000,0
2022-08-09,1.594,1.592,1.592,1.598,8860000,14120000,0
2022-08-10,1.602,1.607,1.602,1.615,18760000,30190000,0
2022-08-11,1.612,1.608,1.594,1.615,14810000,23750000,0
2022-08-12,1.615,1.624,1.615,1.629,17780000,28850000,0
2022-08-15,1.605,1.595,1.589,1.611,20520000,32750000,0
2022-08-16,1.586,1.589,1.578,1.594,10960000,17400000,0
2022-08-17,1.580,1.583,1.578,1.588,14160000,22410000,0
2022-08-18,1.583,1.576,1.573,1.588,13200000,20850000,0
2022-08-19,1.582,1.594,1.578,1.600,35140000,55910000,0
2022-08-22,1.596,1.600,1.592,1.601,11070000,17670000,0
2022-08-23,1.650,1.668,1.648,1.675,29580000,49220000,0
2022-08-24,1.680,1.686,1.673,1.686,22850000,38380000,0
2022-08-25,1.682,1.656,1.651,1.682,26120000,43280000,0
2022-08-26,1.640,1.631,1.625,1.640,18540000,30220000,0
2022-08-29,1.640,1.639,1.633,1.647,22780000,37340000,0
2022-08-30,1.626,1.628,1.615,1.628,12230000,19830000,0
2022-08-31,1.629,1.639,1.622,1.640,10500000,17140000,0
2022-09-01,1.636,1.631,1.623,1.636,11060000,18000000,0
2022-09-02,1.628,1.657,1.625,1.658,25620000,42200000,0
2022-09-05,1.657,1.675,1.656,1.683,22940000,38300000,0
2022-09-06,1.660,1.649,1.648,1.664,25770000,42610000,0
2022-09-07,1.647,1.661,1.646,1.669,27090000,44890000,0
2022-09-08,1.676,1.661,1.659,1.677,15980000,26620000,0
2022-09-09,1.662,1.666,1.662,1.675,14230000,23720000,0
2022-09-13,1.745,1.758,1.741,1.762,34380000,60220000,0
2022-09-14,1.753,1.750,1.747,1.756,14540000,25460000,0
2022-09-15,1.734,1.726,1.719,1.734,15170000,26160000,0
2022-09-16,1.731,1.730,1.725,1.734,15880000,27470000,0
2022-09-19,1.729,1.735,1.729,1.745,17150000,29820000,0
2022-09-20,1.745,1.743,1.737,1.747,17640000,30760000,0
2022-09-21,1.743,1.763,1.743,1.765,19770000,34670000,0
2022-09-22,1.762,1.769,1.755,1.780,29350000,51940000,0
2022-09-23,1.754,1.753,1.751,1.768,16660000,29340000,0
2022-09-26,1.746,1.741,1.726,1.754,24240000,42170000,0
2022-09-27,1.749,1.745,1.743,1.752,14780000,25830000,0
2022-09-28,1.741,1.762,1.740,1.762,21670000,37970000,0
2022-09-29,1.763,1.800,1.763,1.802,30760000,54940000,0
2022-09-30,1.784,1.774,1.760,1.787,40440000,71720000,0
2022-10-10,1.776,1.779,1.771,1.785,139250000,247740000,0
2022-10-11,1.769,1.755,1.751,1.770,64520000,113590000,0
2022-10-12,1.755,1.769,1.749,1.772,23220000,40860000,0
2022-10-13,1.783,1.773,1.771,1.787,31020000,55160000,0
2022-10-14,1.789,1.805,1.788,1.808,28940000,52000000,0
2022-10-17,1.795,1.760,1.760,1.795,26630000,47220000,0
2022-10-18,1.751,1.737,1.735,1.753,31780000,55400000,0
2022-10-19,1.733,1.735,1.728,1.741,20470000,35500000,0
2022-10-20,1.750,1.743,1.738,1.753,23420000,40930000,0
2022-10-21,1.754,1.741,1.738,1.764,23660000,41490000,0
2022-10-24,1.756,1.755,1.746,1.764,18320000,32150000,0
2022-10-25,1.745,1.752,1.742,1.760,14870000,26030000,0
2022-10-26,1.765,1.778,1.765,1.780,17650000,31270000,0
2022-10-27,1.768,1.769,1.759,1.773,17950000,31710000,0
2022-10-28,1.768,1.754,1.748,1.780,17020000,30010000,0
2022-10-31,1.769,1.783,1.766,1.784,19250000,34150000,0
2022-11-01,1.820,1.834,1.820,1.844,42090000,77290000,0
2022-11-02,1.855,1.827,1.821,1.888,40380000,74590000,0
2022-11-03,1.828,1.825,1.819,1.836,17060000,31200000,0
2022-11-04,1.811,1.823,1.803,1.826,30260000,54950000,0
2022-11-07,1.827,1.833,1.817,1.835,20290000,37090000,0
2022-11-08,1.847,1.847,1.836,1.850,21210000,39110000,0
2022-11-09,1.842,1.849,1.835,1.850,18270000,33680000,0
2022-11-10,1.858,1.868,1.856,1.889,34660000,64760000,0
2022-11-11,1.840,1.838,1.835,1.845,35860000,65970000,0
2022-11-14,1.837,1.807,1.798,1.837,20110000,36450000,0
2022-11-15,1.802,1.804,1.796,1.808,15560000,28060000,0
2022-11-16,1.807,1.813,1.803,1.818,14940000,27010000,0
2022-11-17,1.803,1.803,1.797,1.808,15820000,28520000,0
2022-11-18,1.800,1.787,1.778,1.800,16770000,30010000,0
2022-11-21,1.793,1.796,1.785,1.802,17400000,31200000,0
2022-11-22,1.804,1.810,1.804,1.815,12630000,22870000,0
2022-11-23,1.813,1.831,1.812,1.834,19370000,35340000,0
2022-11-24,1.847,1.851,1.847,1.857,19060000,35320000,0
2022-11-25,1.862,1.868,1.856,1.869,18580000,34610000,0
2022-11-28,1.842,1.836,1.836,1.852,12740000,23500000,0
2022-11-29,1.847,1.852,1.847,1.855,10280000,19020000,0
2022-11-30,1.847,1.868,1.847,1.870,9810000,18260000,0
2022-12-01,1.863,1.861,1.855,1.863,15450000,28720000,0
2022-12-02,1.854,1.858,1.854,1.864,9500000,17670000,0
2022-12-05,1.857,1.844,1.841,1.857,12570000,23250000,0
2022-12-06,1.855,1.857,1.853,1.862,21630000,40180000,0
2022-12-07,1.872,1.878,1.872,1.884,18690000,35110000,0
2022-12-08,1.903,1.925,1.901,1.925,27320000,52280000,0
2022-12-09,1.936,1.944,1.924,2.008,38310000,74370000,0
2022-12-12,1.931,1.914,1.913,1.938,21650000,41640000,0
2022-12-13,1.912,1.909,1.902,1.912,5330000,10160000,0
2022-12-14,1.913,1.895,1.886,1.928,31320000,59850000,0
2022-12-15,1.898,1.901,1.887,1.901,16730000,31690000,0
2022-12-16,1.912,1.916,1.911,1.926,24430000,46830000,0
2022-12-19,1.889,1.890,1.879,1.898,21500000,40640000,0
2022-12-20,1.890,1.901,1.885,1.901,13810000,26160000,0
2022-12-21,1.925,1.917,1.911,1.926,17430000,33450000,0
2022-12-22,1.924,1.929,1.920,1.930,14600000,28120000,0
2022-12-23,1.925,1.933,1.923,1.933,19230000,37090000,0
2022-12-26,1.974,1.977,1.973,1.989,26870000,53250000,0
2022-12-27,1.985,1.985,1.978,1.995,23220000,46160000,0
2022-12-28,1.957,1.960,1.950,1.965,13330000,26130000,0
2022-12-29,1.982,1.986,1.974,1.988,15810000,31300000,0
2022-12-30,1.987,2.010,1.986,2.011,46100000,92110000,0
2023-01-03,2.002,2.015,1.997,2.030,45240000,91200000,0
2023-01-04,1.974,1.974,1.971,1.982,45780000,90440000,0
2023-01-05,1.958,1.954,1.948,1.964,26990000,52810000,0
2023-01-06,1.940,1.938,1.932,1.941,27360000,52960000,0
2023-01-09,1.955,1.949,1.943,1.955,17180000,33440000,0
2023-01-10,1.931,1.929,1.923,1.934,26270000,50640000,0
2023-01-11,1.935,1.950,1.933,1.951,27430000,53220000,0
2023-01-12,1.971,1.979,1.969,1.985,34360000,68020000,0
2023-01-13,1.988,2.000,1.987,2.000,40000000,79780000,0
2023-01-16,1.991,1.989,1.985,1.996,22500000,44760000,0
2023-01-17,1.972,1.980,1.965,1.988,21910000,43310000,0
2023-01-18,2.006,2.013,2.005,2.020,19680000,39620000,0
2023-01-19,1.990,1.982,1.978,1.990,20430000,40470000,0
2023-01-20,1.965,1.963,1.960,1.966,25440000,49920000,0
2023-01-30,1.980,1.989,1.978,1.989,27220000,54010000,0
2023-01-31,2.001,1.992,1.990,2.006,36560000,73180000,0
2023-02-01,1.986,1.987,1.981,1.992,15720000,31230000,0
2023-02-02,1.979,1.981,1.976,1.987,26220000,51960000,0
2023-02-03,1.970,1.989,1.964,1.990,23650000,46660000,0
2023-02-06,2.009,2.002,1.999,2.014,27950000,56130000,0
2023-02-07,1.975,1.978,1.972,1.980,24430000,48280000,0
2023-02-08,1.973,1.980,1.969,1.982,23630000,46650000,0
2023-02-09,1.978,1.954,1.950,1.986,51830000,101740000,0
2023-02-10,1.958,1.965,1.956,1.972,44600000,87580000,0
2023-02-13,1.987,1.978,1.976,1.991,22410000,44480000,0
2023-02-14,1.976,1.979,1.972,1.984,17230000,34070000,0
2023-02-15,1.962,1.959,1.953,1.966,25900000,50780000,0
2023-02-16,1.948,1.960,1.945,1.960,34000000,66400000,0
2023-02-17,1.953,1.952,1.946,1.957,19090000,37250000,0
2023-02-20,1.959,1.969,1.957,1.978,24590000,48390000,0
2023-02-21,1.966,1.966,1.962,1.971,14900000,29310000,0
2023-02-22,1.980,1.974,1.972,1.986,23740000,46950000,0
2023-02-23,1.962,1.959,1.957,1.969,14440000,28340000,0
2023-02-24,1.959,1.969,1.955,1.971,22270000,43790000,0
2023-02-27,1.957,1.951,1.946,1.957,12790000,24940000,0
2023-02-28,1.944,1.929,1.924,1.944,26210000,50680000,0
2023-03-01,1.909,1.914,1.905,1.916,35770000,68360000,0
2023-03-02,1.912,1.907,1.903,1.912,19900000,37950000,0
2023-03-03,1.919,1.922,1.912,1.924,25830000,49500000,0
2023-03-06,1.927,1.930,1.924,1.932,14440000,27840000,0
2023-03-07,1.945,1.943,1.941,1.949,21690000,42220000,0
2023-03-08,1.946,1.939,1.935,1.948,17410000,33770000,0
2023-03-09,1.939,1.947,1.939,1.951,28530000,55600000,0
2023-03-10,1.951,1.938,1.936,1.952,14140000,27520000,0
2023-03-13,1.935,1.943,1.933,1.945,18260000,35370000,0
2023-03-14,1.915,1.922,1.915,1.930,22780000,43820000,0
2023-03-15,1.928,1.924,1.919,1.928,15040000,28910000,0
2023-03-16,1.919,1.912,1.911,1.921,16770000,32120000,0
2023-03-17,1.911,1.893,1.891,1.918,24000000,45700000,0
2023-03-20,1.882,1.838,1.838,1.882,27220000,50580000,0
2023-03-21,1.857,1.859,1.852,1.860,23630000,43860000,0
2023-03-22,1.841,1.840,1.823,1.842,24870000,45520000,0
2023-03-23,1.823,1.810,1.800,1.823,34670000,62740000,0
2023-03-24,1.774,1.790,1.761,1.796,53890000,95570000,0
2023-03-27,1.792,1.779,1.769,1.793,48550000,86400000,0
2023-03-28,1.793,1.800,1.786,1.800,55960000,100210000,0
2023-03-29,1.813,1.803,1.801,1.816,36690000,66400000,0
2023-03-30,1.810,1.802,1.800,1.813,24820000,44860000,0
2023-03-31,1.803,1.793,1.789,1.807,22200000,39910000,0
2023-04-03,1.839,1.847,1.834,1.853,30330000,55990000,0
2023-04-04,1.851,1.864,1.851,1.864,34680000,64470000,0
2023-04-06,1.844,1.836,1.832,1.852,16940000,31240000,0
2023-04-07,1.824,1.820,1.809,1.824,18300000,33260000,0
2023-04-10,1.813,1.813,1.809,1.820,12940000,23480000,0
2023-04-11,1.805,1.818,1.801,1.822,22970000,41570000,0
2023-04-12,1.808,1.795,1.792,1.808,33380000,60030000,0
2023-04-13,1.804,1.820,1.804,1.821,39600000,71800000,0
2023-04-14,1.812,1.796,1.796,1.814,33760000,60950000,0
2023-04-17,1.780,1.796,1.776,1.796,32220000,57440000,0
2023-04-18,1.809,1.815,1.807,1.817,28390000,51400000,0
2023-04-19,1.795,1.764,1.762,1.796,35060000,62330000,0
2023-04-20,1.740,1.738,1.721,1.743,34300000,59390000,0
2023-04-21,1.740,1.718,1.718,1.744,23490000,40710000,0
2023-04-24,1.712,1.731,1.708,1.734,34630000,59520000,0
2023-04-25,1.711,1.728,1.709,1.733,29000000,49810000,0
2023-04-26,1.739,1.750,1.734,1.750,27710000,48290000,0
2023-04-27,1.747,1.740,1.738,1.750,27410000,47800000,0
2023-04-28,1.755,1.765,1.755,1.773,32530000,57410000,0
2023-05-04,1.753,1.756,1.750,1.772,31540000,55540000,0
2023-05-05,1.762,1.778,1.756,1.780,25790000,45590000,0
2023-05-08,1.792,1.788,1.779,1.799,17420000,31160000,0
2023-05-09,1.783,1.780,1.774,1.790,16010000,28530000,0
2023-05-10,1.771,1.756,1.748,1.772,16840000,29640000,0
2023-05-11,1.757,1.759,1.744,1.765,33960000,59600000,0
2023-05-12,1.777,1.788,1.776,1.793,25530000,45590000,0
2023-05-15,1.763,1.770,1.757,1.777,40670000,71790000,0
2023-05-16,1.778,1.792,1.777,1.795,17630000,31510000,0
2023-05-17,1.757,1.754,1.746,1.757,14580000,25530000,0
2023-05-18,1.747,1.760,1.740,1.767,31930000,56190000,0
2023-05-19,1.762,1.741,1.741,1.767,20090000,35320000,0
2023-05-22,1.735,1.739,1.724,1.744,37270000,64510000,0
2023-05-23,1.765,1.760,1.757,1.768,20050000,35350000,0
2023-05-24,1.754,1.740,1.736,1.758,13400000,23430000,0
2023-05-25,1.740,1.736,1.729,1.743,15570000,27020000,0
2023-05-26,1.728,1.747,1.719,1.747,18270000,31640000,0
2023-05-29,1.751,1.730,1.726,1.754,12660000,22050000,0
2023-05-30,1.726,1.728,1.724,1.734,13640000,23570000,0
2023-05-31,1.710,1.707,1.697,1.710,18600000,31670000,0
2023-06-01,1.727,1.740,1.722,1.746,17710000,30730000,0
2023-06-02,1.717,1.716,1.701,1.719,44200000,75600000,0
2023-06-05,1.756,1.768,1.755,1.780,35300000,62480000,0
2023-06-06,1.774,1.777,1.770,1.787,35190000,62520000,0
2023-06-07,1.773,1.757,1.753,1.773,20210000,35560000,0
2023-06-08,1.757,1.757,1.752,1.762,18810000,33050000,0
2023-06-09,1.756,1.766,1.756,1.769,9470000,16690000,0
2023-06-12,1.780,1.773,1.771,1.788,17200000,30600000,0
2023-06-13,1.771,1.790,1.767,1.792,16880000,30040000,0
2023-06-14,1.791,1.787,1.784,1.793,14580000,26080000,0
2023-06-15,1.796,1.822,1.796,1.822,29740000,53780000,0
2023-06-16,1.860,1.853,1.848,1.866,25290000,46910000,0
2023-06-19,1.861,1.893,1.860,1.900,25540000,47840000,0
2023-06-20,1.908,1.901,1.892,1.924,32380000,61780000,0
2023-06-21,1.919,1.943,1.915,1.950,30420000,58650000,0
2023-06-26,1.894,1.916,1.894,1.918,22490000,42890000,0
2023-06-27,1.900,1.900,1.890,1.909,23490000,44590000,0
2023-06-28,1.888,1.893,1.881,1.899,36600000,69100000,0
2023-06-29,1.889,1.888,1.874,1.891,30950000,58270000,0
2023-06-30,1.899,1.901,1.889,1.909,29450000,55970000,0
2023-07-03,2.002,2.052,2.000,2.090,53930000,109490000,0
2023-07-04,2.023,2.014,1.997,2.023,51280000,102970000,0
2023-07-05,2.024,2.019,2.008,2.027,29780000,60100000,0
2023-07-06,2.010,2.017,2.007,2.019,29640000,59630000,0
2023-07-07,2.008,2.006,1.997,2.017,19060000,38280000,0
2023-07-10,1.996,2.008,1.982,2.009,41110000,82020000,0
2023-07-11,2.039,2.017,2.017,2.042,38790000,78640000,0
2023-07-12,2.049,2.050,2.047,2.059,45250000,92840000,0
2023-07-13,2.020,2.035,2.015,2.045,49900000,101260000,0
2023-07-14,2.054,2.036,2.035,2.063,38050000,78030000,0
2023-07-17,2.059,2.056,2.049,2.068,43370000,89360000,0
2023-07-18,2.061,2.059,2.055,2.080,45780000,94630000,0
2023-07-19,2.092,2.106,2.091,2.106,42740000,89660000,0
2023-07-20,2.110,2.121,2.105,2.121,56730000,119870000,0
2023-07-21,2.099,2.103,2.097,2.118,39590000,83400000,0
2023-07-24,2.118,2.107,2.107,2.130,46620000,98690000,0
2023-07-25,2.131,2.146,2.124,2.156,48320000,103420000,0
2023-07-26,2.144,2.161,2.137,2.164,61180000,131550000,0
2023-07-27,2.197,2.186,2.182,2.217,66840000,147000000,0
2023-07-28,2.180,2.161,2.158,2.183,57200000,124020000,0
2023-07-31,2.127,2.151,2.127,2.151,62030000,132620000,0
2023-08-01,2.159,2.173,2.159,2.177,45570000,98730000,0
2023-08-02,2.180,2.178,2.164,2.194,48800000,106220000,0
2023-08-03,2.156,2.153,2.149,2.163,53720000,115770000,0
2023-08-04,2.160,2.175,2.157,2.181,53930000,117020000,0
2023-08-07,2.160,2.151,2.148,2.170,40810000,88070000,0
2023-08-08,2.147,2.142,2.137,2.152,31060000,66650000,0
2023-08-09,2.190,2.187,2.178,2.198,41620000,91070000,0
2023-08-10,2.177,2.190,2.168,2.190,42970000,93620000,0
2023-08-11,2.197,2.206,2.191,2.210,42750000,94050000,0
2023-08-14,2.202,2.219,2.196,2.221,38170000,84320000,0
2023-08-15,2.240,2.237,2.216,2.246,68390000,152640000,0
2023-08-16,2.216,2.234,2.215,2.237,54230000,120730000,0
2023-08-17,2.246,2.270,2.245,2.280,101760000,230390000,0
2023-08-18,2.293,2.296,2.276,2.302,126310000,289320000,0
2023-08-21,2.347,2.343,2.333,2.362,136500000,320390000,0
2023-08-22,2.338,2.272,2.272,2.341,121540000,279870000,0
2023-08-23,2.280,2.270,2.264,2.304,149470000,341170000,0
2023-08-24,2.287,2.286,2.280,2.302,88860000,203530000,0
2023-08-25,2.301,2.334,2.301,2.338,132950000,308870000,0
2023-08-28,2.366,2.357,2.353,2.403,158300000,376530000,0
2023-08-29,2.366,2.372,2.357,2.389,91590000,217540000,0
2023-08-30,2.360,2.367,2.351,2.372,76030000,179600000,0
2023-08-31,2.371,2.372,2.364,2.380,65900000,156250000,0
2023-09-01,2.355,2.347,2.333,2.363,100530000,236290000,0
2023-09-04,2.343,2.304,2.298,2.343,133220000,308340000,0
2023-09-05,2.335,2.329,2.324,2.347,128000000,299140000,0
2023-09-06,2.365,2.365,2.353,2.367,99430000,234810000,0
2023-09-07,2.369,2.368,2.352,2.370,98790000,233410000,0
2023-09-08,2.334,2.324,2.317,2.340,98680000,229650000,0
2023-09-11,2.346,2.347,2.341,2.356,58280000,136880000,0
2023-09-12,2.349,2.321,2.316,2.353,80580000,187880000,0
2023-09-13,2.290,2.284,2.273,2.291,81160000,185290000,0
2023-09-14,2.283,2.272,2.266,2.289,73210000,166750000,0
2023-09-15,2.296,2.320,2.296,2.324,98550000,227690000,0
2023-09-18,2.300,2.302,2.290,2.307,73970000,170130000,0
2023-09-19,2.275,2.251,2.242,2.275,71660000,161760000,0
2023-09-20,2.270,2.276,2.259,2.281,86710000,196960000,0
2023-09-21,2.270,2.253,2.246,2.270,68710000,155060000,0
2023-09-22,2.240,2.261,2.240,2.268,49740000,112240000,0
2023-09-25,2.253,2.253,2.238,2.262,61230000,137710000,0
2023-09-26,2.276,2.268,2.264,2.292,69970000,159570000,0
2023-09-27,2.268,2.288,2.268,2.295,46980000,107290000,0
2023-09-28,2.290,2.283,2.273,2.293,53180000,121380000,0
2023-10-09,2.228,2.212,2.208,2.232,47660000,105860000,0
2023-10-10,2.187,2.172,2.170,2.195,71570000,156390000,0
2023-10-11,2.185,2.165,2.152,2.188,74430000,161650000,0
2023-10-12,2.169,2.181,2.166,2.181,51690000,112300000,0
2023-10-13,2.211,2.216,2.211,2.225,51310000,113770000,0
2023-10-16,2.220,2.224,2.207,2.226,29000000,64330000,0
2023-10-17,2.223,2.220,2.213,2.226,20720000,46020000,0
2023-10-18,2.256,2.227,2.226,2.260,28570000,64120000,0
2023-10-19,2.236,2.237,2.229,2.245,29040000,64960000,0
2023-10-20,2.251,2.242,2.237,2.252,27770000,62340000,0
2023-10-23,2.227,2.222,2.217,2.234,23230000,51650000,0
2023-10-24,2.200,2.208,2.192,2.208,22020000,48450000,0
2023-10-25,2.251,2.232,2.224,2.252,27450000,61450000,0
2023-10-26,2.220,2.238,2.218,2.241,18690000,41730000,0
2023-10-27,2.240,2.251,2.239,2.254,30960000,69550000,0
2023-10-30,2.281,2.291,2.280,2.300,41080000,94110000,0
2023-10-31,2.254,2.244,2.243,2.260,38300000,86120000,0
2023-11-01,2.256,2.268,2.246,2.271,36050000,81460000,0
2023-11-02,2.286,2.298,2.280,2.298,29710000,67970000,0
2023-11-03,2.310,2.315,2.306,2.322,46590000,107790000,0
2023-11-06,2.343,2.357,2.337,2.364,47970000,112750000,0
2023-11-07,2.369,2.351,2.349,2.372,46500000,109880000,0
2023-11-08,2.372,2.366,2.354,2.376,39110000,92590000,0
2023-11-09,2.360,2.359,2.347,2.361,26180000,61650000,0
2023-11-10,2.320,2.306,2.306,2.321,29770000,68820000,0
2023-11-13,2.316,2.322,2.311,2.329,35570000,82560000,0
2023-11-14,2.354,2.344,2.344,2.357,29350000,68960000,0
2023-11-15,2.367,2.368,2.357,2.368,29290000,69250000,0
2023-11-16,2.363,2.364,2.346,2.364,35120000,82800000,0
2023-11-17,2.323,2.311,2.307,2.323,33030000,76430000,0
2023-11-20,2.270,2.283,2.265,2.289,41410000,94370000,0
2023-11-21,2.295,2.306,2.293,2.309,26130000,60150000,0
2023-11-22,2.306,2.287,2.283,2.306,21140000,48530000,0
2023-11-23,2.274,2.266,2.260,2.282,29070000,66030000,0
2023-11-24,2.268,2.273,2.268,2.280,17210000,39140000,0
2023-11-27,2.259,2.233,2.226,2.259,26620000,59490000,0
2023-11-28,2.216,2.234,2.214,2.236,28420000,63290000,0
2023-11-29,2.238,2.224,2.219,2.238,17450000,38860000,0
2023-11-30,2.223,2.227,2.215,2.230,33640000,74850000,0
2023-12-01,2.218,2.209,2.193,2.225,33390000,73690000,0
2023-12-04,2.209,2.225,2.209,2.229,32710000,72610000,0
2023-12-05,2.230,2.235,2.216,2.240,46880000,104590000,0
2023-12-06,2.225,2.228,2.216,2.232,58700000,130550000,0
2023-12-07,2.219,2.221,2.206,2.228,30650000,68030000,0
2023-12-08,2.229,2.245,2.228,2.246,30600000,68470000,0
2023-12-11,2.246,2.245,2.245,2.254,29350000,66000000,0
2023-12-12,2.280,2.279,2.268,2.286,34300000,78130000,0
2023-12-13,2.265,2.274,2.260,2.275,26580000,60280000,0
2023-12-14,2.258,2.235,2.235,2.258,30260000,67950000,0
2023-12-15,2.256,2.235,2.235,2.260,30610000,68850000,0
2023-12-18,2.224,2.216,2.206,2.224,23320000,51600000,0
2023-12-19,2.233,2.218,2.218,2.235,22650000,50470000,0
2023-12-20,2.205,2.203,2.195,2.209,21970000,48370000,0
2023-12-21,2.203,2.203,2.183,2.208,29680000,65120000,0
2023-12-22,2.184,2.182,2.174,2.190,25810000,56330000,0
2023-12-25,2.185,2.196,2.185,2.203,34140000,74930000,0
2023-12-26,2.211,2.194,2.190,2.211,28910000,63580000,0
2023-12-27,2.204,2.213,2.197,2.213,33360000,73520000,0
2023-12-28,2.214,2.210,2.204,2.218,33530000,74090000,0
2023-12-29,2.200,2.183,2.182,2.200,29540000,64740000,0
2024-01-02,2.143,2.135,2.130,2.147,54320000,116220000,0
2024-01-03,2.131,2.134,2.125,2.136,40010000,85220000,0
2024-01-04,2.142,2.143,2.136,2.146,29440000,63040000,0
2024-01-05,2.125,2.110,2.102,2.125,38220000,80840000,0
2024-01-08,2.090,2.077,2.073,2.090,41540000,86440000,0
2024-01-09,2.076,2.080,2.073,2.083,25550000,53090000,0
2024-01-10,2.076,2.065,2.061,2.076,26860000,55540000,0
2024-01-11,2.050,2.060,2.046,2.066,35510000,72970000,0
2024-01-12,2.040,2.026,2.025,2.042,39230000,79790000,0
2024-01-15,2.023,2.018,2.015,2.026,34930000,70570000,0
2024-01-16,2.016,2.024,2.006,2.025,36680000,73800000,0
2024-01-17,2.024,2.005,2.004,2.026,29410000,59330000,0
2024-01-18,1.980,1.987,1.961,1.994,51810000,102490000,0
2024-01-19,2.002,1.994,1.994,2.005,23470000,46930000,0
2024-01-22,1.996,2.001,1.992,2.014,46040000,92250000,0
2024-01-23,2.002,2.002,2.000,2.013,36750000,73690000,0
2024-01-24,2.017,2.022,2.011,2.024,49810000,100530000,0
2024-01-25,2.021,2.007,1.995,2.021,51500000,103520000,0
2024-01-26,1.982,1.976,1.969,1.990,52860000,104530000,0
2024-01-29,1.939,1.939,1.931,1.945,37030000,71760000,0
2024-01-30,1.937,1.934,1.924,1.937,25860000,49930000,0
2024-01-31,1.969,1.970,1.961,1.989,59610000,117530000,0
2024-02-01,1.985,2.002,1.984,2.005,74450000,148640000,0
2024-02-02,1.980,1.966,1.963,1.992,73320000,145110000,0
2024-02-05,1.959,1.965,1.954,1.975,41290000,81250000,0
2024-02-06,1.975,1.970,1.964,1.975,27790000,54720000,0
2024-02-07,1.972,1.957,1.953,1.977,37760000,74180000,0
2024-02-08,1.953,1.973,1.952,1.974,25690000,50460000,0
2024-02-19,1.978,2.000,1.973,2.002,45890000,91380000,0
2024-02-20,2.004,1.993,1.990,2.005,30500000,60850000,0
2024-02-21,1.976,1.976,1.971,1.981,62050000,122600000,0
2024-02-22,1.969,1.971,1.957,1.971,49060000,96270000,0
2024-02-23,1.964,1.972,1.960,1.973,45790000,90000000,0
2024-02-26,1.972,1.968,1.963,1.979,56550000,111520000,0
2024-02-27,1.983,1.994,1.983,1.994,73650000,146380000,0
2024-02-28,1.990,1.991,1.985,1.997,52210000,103960000,0
2024-02-29,1.996,1.990,1.988,1.999,41690000,83090000,0
2024-03-01,1.996,2.034,1.996,2.034,104920000,211790000,0
2024-03-04,2.060,2.070,2.052,2.071,129140000,265990000,0
2024-03-05,2.064,2.064,2.057,2.073,121890000,251690000,0
2024-03-06,2.072,2.063,2.058,2.074,75060000,155140000,0
2024-03-07,2.060,2.071,2.058,2.078,76290000,157760000,0
2024-03-08,2.082,2.129,2.082,2.132,195960000,413030000,0
2024-03-11,2.132,2.116,2.111,2.146,188310000,399630000,0
2024-03-12,2.126,2.119,2.118,2.143,174430000,371530000,0
2024-03-13,2.125,2.119,2.111,2.129,125210000,265230000,0
2024-03-14,2.125,2.156,2.122,2.161,192180000,411830000,0
2024-03-15,2.155,2.167,2.141,2.178,203630000,439410000,0
2024-03-18,2.184,2.148,2.146,2.189,190580000,412920000,0
2024-03-19,2.154,2.168,2.151,2.170,146930000,317450000,0
2024-03-20,2.174,2.192,2.165,2.196,171040000,373060000,0
2024-03-21,2.225,2.230,2.217,2.256,229030000,511550000,0
2024-03-22,2.217,2.192,2.180,2.218,207540000,455540000,0
2024-03-25,2.158,2.134,2.122,2.158,194430000,415200000,0
2024-03-26,2.146,2.139,2.136,2.157,128400000,275580000,0
2024-03-27,2.140,2.147,2.125,2.153,111590000,238690000,0
2024-03-28,2.126,2.110,2.104,2.126,135510000,285990000,0
2024-03-29,2.130,2.137,2.121,2.140,152710000,325220000,0
2024-04-01,2.138,2.157,2.136,2.157,108340000,232920000,0
2024-04-02,2.147,2.137,2.133,2.150,106220000,227460000,0
2024-04-03,2.107,2.123,2.104,2.126,98650000,208590000,0
2024-04-08,2.143,2.141,2.135,2.155,101920000,218750000,0
2024-04-09,2.141,2.150,2.140,2.158,90750000,195250000,0
2024-04-10,2.153,2.143,2.135,2.153,61780000,132570000,0
2024-04-11,2.124,2.120,2.115,2.131,67950000,144260000,0
2024-04-12,2.121,2.141,2.117,2.141,78010000,166000000,0
2024-04-15,2.165,2.169,2.162,2.174,106470000,230950000,0
2024-04-16,2.178,2.190,2.177,2.209,147510000,323810000,0
2024-04-17,2.143,2.125,2.122,2.144,118600000,253100000,0
2024-04-18,2.129,2.142,2.128,2.146,123690000,264080000,0
2024-04-19,2.143,2.163,2.141,2.172,173800000,375050000,0
2024-04-22,2.166,2.156,2.151,2.170,95020000,205480000,0
2024-04-23,2.178,2.167,2.160,2.195,158920000,346350000,0
2024-04-24,2.182,2.190,2.179,2.193,97630000,213630000,0
2024-04-25,2.180,2.182,2.167,2.185,92960000,202210000,0
2024-04-26,2.184,2.187,2.184,2.192,72260000,158070000,0
2024-04-29,2.173,2.177,2.166,2.184,84680000,184260000,0
2024-04-30,2.186,2.188,2.173,2.191,102400000,223470000,0
2024-05-06,2.240,2.244,2.234,2.253,115030000,258220000,0
2024-05-07,2.305,2.315,2.299,2.319,118870000,274470000,0
2024-05-08,2.314,2.322,2.301,2.323,122730000,283840000,0
2024-05-09,2.310,2.310,2.306,2.340,130360000,302660000,0
2024-05-10,2.271,2.275,2.265,2.279,113800000,258400000,0
2024-05-13,2.281,2.296,2.281,2.302,140000000,320960000,0
2024-05-14,2.302,2.287,2.283,2.306,101090000,232110000,0
2024-05-15,2.292,2.302,2.287,2.302,84840000,194510000,0
2024-05-16,2.291,2.298,2.290,2.306,97010000,223050000,0
2024-05-17,2.306,2.325,2.300,2.325,108070000,250010000,0
2024-05-20,2.305,2.317,2.303,2.327,105860000,245030000,0
2024-05-21,2.333,2.319,2.307,2.335,110950000,257540000,0
2024-05-22,2.320,2.338,2.317,2.338,106590000,247850000,0
2024-05-23,2.338,2.341,2.329,2.354,126870000,297080000,0
2024-05-24,2.339,2.322,2.321,2.346,83070000,194160000,0
2024-05-27,2.332,2.320,2.315,2.337,107260000,249150000,0
2024-05-28,2.335,2.298,2.295,2.337,118180000,273810000,0
2024-05-29,2.246,2.265,2.246,2.269,125370000,282970000,0
2024-05-30,2.252,2.246,2.235,2.255,84890000,190700000,0
2024-05-31,2.242,2.256,2.239,2.261,77590000,174460000,0
2024-06-03,2.232,2.225,2.224,2.239,68770000,153400000,0
2024-06-04,2.218,2.237,2.217,2.245,86100000,192170000,0
2024-06-05,2.250,2.254,2.250,2.261,90210000,203450000,0
2024-06-06,2.253,2.263,2.248,2.264,82490000,186160000,0
2024-06-07,2.281,2.264,2.258,2.284,82280000,186840000,0
2024-06-11,2.265,2.247,2.247,2.268,61010000,137620000,0
2024-06-12,2.240,2.252,2.235,2.253,49560000,111220000,0
2024-06-13,2.246,2.212,2.210,2.249,78810000,175840000,0
2024-06-14,2.229,2.232,2.224,2.239,82600000,184220000,0
2024-06-17,2.206,2.194,2.181,2.208,86970000,190930000,0
2024-06-18,2.180,2.173,2.168,2.184,75980000,165390000,0
2024-06-19,2.174,2.181,2.174,2.185,51220000,111660000,0
2024-06-20,2.181,2.185,2.169,2.188,47850000,104200000,0
2024-06-21,2.162,2.156,2.151,2.166,59930000,129370000,0
2024-06-24,2.164,2.165,2.164,2.182,69390000,150880000,0
2024-06-25,2.169,2.171,2.161,2.172,43940000,95250000,0
2024-06-26,2.157,2.175,2.154,2.182,55800000,121110000,0
2024-06-27,2.181,2.175,2.162,2.181,63790000,138620000,0
2024-06-28,2.177,2.182,2.174,2.186,77990000,170150000,0
2024-07-01,2.170,2.176,2.155,2.177,88930000,192760000,0
2024-07-02,2.178,2.197,2.175,2.199,51850000,113240000,0
2024-07-03,2.194,2.190,2.184,2.199,69190000,151620000,0
2024-07-04,2.188,2.140,2.134,2.192,122870000,265340000,0
2024-07-05,2.145,2.158,2.145,2.168,81420000,175670000,0
2024-07-08,2.157,2.145,2.141,2.162,44040000,94730000,0
2024-07-09,2.108,2.110,2.099,2.115,84490000,178000000,0
2024-07-10,2.077,2.087,2.075,2.091,105650000,220060000,0
2024-07-11,2.080,2.064,2.063,2.080,127730000,264780000,0
2024-07-12,2.064,2.052,2.052,2.071,111240000,229640000,0
2024-07-15,2.015,2.010,2.002,2.016,106200000,213430000,0
2024-07-16,2.001,1.997,1.991,2.004,90820000,181500000,0
2024-07-17,2.025,2.016,2.010,2.039,164420000,333210000,0
2024-07-18,2.017,2.016,2.004,2.019,83380000,167710000,0
2024-07-19,2.020,2.040,2.020,2.044,132740000,270090000,0
2024-07-22,2.044,2.049,2.040,2.060,127230000,260950000,0
2024-07-23,2.065,2.045,2.043,2.072,110940000,228420000,0
2024-07-24,2.051,2.047,2.036,2.057,103500000,212030000,0
2024-07-25,2.030,2.034,2.028,2.042,69520000,141460000,0
2024-07-26,2.054,2.049,2.043,2.067,82900000,170460000,0
2024-07-29,1.991,2.007,1.990,2.016,105250000,210700000,0
2024-07-30,2.007,1.997,1.992,2.009,63040000,126080000,0
2024-07-31,1.986,2.005,1.979,2.006,94710000,188990000,0
2024-08-01,1.994,1.993,1.969,1.997,155910000,309660000,0
2024-08-02,1.986,2.000,1.985,2.002,87630000,174690000,0
2024-08-05,1.999,1.983,1.977,2.010,110730000,220720000,0
2024-08-06,1.978,1.967,1.965,1.994,90390000,179040000,0
2024-08-07,1.961,1.940,1.936,1.962,129470000,252080000,0
2024-08-08,1.938,1.945,1.938,1.955,105290000,205060000,0
2024-08-09,1.934,1.938,1.926,1.940,102470000,198090000,0
2024-08-12,1.924,1.925,1.919,1.936,75510000,145560000,0
2024-08-13,1.915,1.858,1.853,1.916,212110000,398570000,0
2024-08-14,1.824,1.846,1.822,1.852,156380000,287200000,0
2024-08-15,1.860,1.868,1.856,1.869,97290000,181200000,0
2024-08-16,1.871,1.859,1.855,1.871,75830000,141260000,0
2024-08-19,1.866,1.848,1.844,1.868,72890000,135290000,0
2024-08-20,1.867,1.864,1.861,1.870,86530000,161440000,0
2024-08-21,1.858,1.877,1.854,1.878,76460000,142490000,0
2024-08-22,1.877,1.866,1.865,1.888,104600000,196260000,0
2024-08-23,1.867,1.859,1.859,1.874,78540000,146650000,0
2024-08-26,1.860,1.874,1.842,1.874,112250000,208770000,0
2024-08-27,1.882,1.891,1.876,1.894,93090000,175410000,0
2024-08-28,1.906,1.908,1.894,1.917,132510000,252670000,0
2024-08-29,1.903,1.904,1.898,1.912,81550000,155410000,0
2024-08-30,1.917,1.922,1.916,1.935,118970000,228900000,0
2024-09-02,1.915,1.926,1.909,1.927,102190000,196130000,0
2024-09-03,1.928,1.949,1.920,1.985,317380000,617830000,0
2024-09-04,1.943,1.924,1.918,1.949,186280000,360810000,0
2024-09-05,1.955,1.954,1.944,1.967,179960000,351910000,0
2024-09-06,1.966,1.984,1.964,1.984,196520000,387650000,0
2024-09-09,1.955,1.962,1.945,1.966,252400000,494020000,0
2024-09-10,1.960,1.928,1.924,1.962,187340000,363880000,0
2024-09-11,1.919,1.942,1.919,1.944,169610000,327890000,0
2024-09-12,1.936,1.933,1.921,1.939,161340000,311630000,0
2024-09-13,1.947,1.948,1.931,1.953,167170000,324860000,0
2024-09-18,1.980,1.991,1.969,1.991,173110000,343220000,0
2024-09-19,1.959,1.947,1.947,1.964,216370000,423500000,0
2024-09-20,1.938,1.947,1.933,1.954,192040000,373150000,0
2024-09-23,1.940,1.940,1.930,1.948,175610000,340490000,0
2024-09-24,1.961,1.967,1.959,1.972,196990000,386940000,0
2024-09-25,1.959,1.940,1.938,1.960,205640000,401090000,0
2024-09-26,1.968,1.971,1.968,1.983,287980000,568520000,0
2024-09-27,1.947,1.956,1.941,1.961,209900000,409680000,0
2024-09-30,1.972,1.998,1.971,2.012,324060000,643780000,0
2024-10-08,1.952,1.918,1.912,1.956,333600000,645050000,0
2024-10-09,1.925,1.919,1.918,1.945,273710000,528620000,0
2024-10-10,1.925,1.918,1.913,1.927,166880000,320170000,0
2024-10-11,1.913,1.888,1.888,1.913,178590000,339900000,0
2024-10-14,1.888,1.900,1.877,1.903,160620000,303480000,0
2024-10-15,1.901,1.901,1.891,1.908,144620000,274760000,0
2024-10-16,1.907,1.914,1.903,1.914,146720000,280080000,0
2024-10-17,1.906,1.882,1.877,1.908,208420000,394400000,0
2024-10-18,1.886,1.900,1.883,1.904,195780000,370660000,0
2024-10-21,1.885,1.895,1.871,1.897,164030000,308980000,0
2024-10-22,1.892,1.891,1.883,1.895,98650000,186400000,0
2024-10-23,1.906,1.899,1.897,1.914,173300000,330480000,0
2024-10-24,1.900,1.897,1.893,1.905,110000000,209000000,0
2024-10-25,1.894,1.876,1.873,1.894,177350000,333740000,0
2024-10-28,1.872,1.894,1.870,1.902,210950000,398430000,0
2024-10-29,1.886,1.911,1.885,1.914,237330000,450170000,0
2024-10-30,1.894,1.913,1.887,1.917,237800000,451470000,0
2024-10-31,1.908,1.901,1.896,1.909,174220000,331380000,0
2024-11-01,1.905,1.884,1.883,1.906,171240000,324400000,0
2024-11-04,1.889,1.896,1.888,1.907,175690000,333450000,0
2024-11-05,1.891,1.882,1.879,1.896,264870000,500020000,0
2024-11-06,1.892,1.904,1.888,1.905,341030000,647100000,0
2024-11-07,1.937,1.952,1.937,1.956,287390000,559590000,0
2024-11-08,1.955,1.934,1.923,1.957,291500000,566680000,0
2024-11-11,1.963,1.974,1.962,1.977,235960000,465020000,0
2024-11-12,1.976,1.982,1.965,1.985,146550000,289360000,0
2024-11-13,1.978,1.979,1.978,1.989,150470000,298470000,0
2024-11-14,1.970,1.964,1.960,1.975,124430000,245120000,0
2024-11-15,1.926,1.908,1.905,1.932,278880000,535100000,0
2024-11-18,1.915,1.911,1.907,1.917,139540000,266750000,0
2024-11-19,1.915,1.921,1.914,1.922,132440000,254010000,0
2024-11-20,1.912,1.915,1.907,1.916,159180000,304340000,0
2024-11-21,1.914,1.913,1.910,1.915,117190000,224100000,0
2024-11-22,1.894,1.878,1.876,1.898,277330000,523680000,0
2024-11-25,1.889,1.888,1.883,1.894,137450000,259560000,0
2024-11-26,1.898,1.900,1.893,1.906,173010000,328640000,0
2024-11-27,1.900,1.899,1.893,1.901,137570000,260920000,0
2024-11-28,1.899,1.896,1.893,1.900,98110000,186040000,0
2024-11-29,1.894,1.898,1.894,1.903,128910000,244860000,0
2024-12-02,1.890,1.887,1.880,1.890,213440000,402150000,0
2024-12-03,1.877,1.869,1.857,1.878,337020000,628900000,0
2024-12-04,1.858,1.833,1.827,1.859,417560000,769030000,0
2024-12-05,1.808,1.806,1.805,1.816,336350000,608900000,0
2024-12-06,1.808,1.800,1.796,1.809,265900000,478940000,0
2024-12-09,1.800,1.819,1.798,1.819,283480000,512860000,0
2024-12-10,1.815,1.813,1.806,1.817,333960000,605040000,0
2024-12-11,1.807,1.797,1.793,1.810,298210000,537430000,0
2024-12-12,1.801,1.796,1.792,1.802,215830000,387910000,0
2024-12-13,1.784,1.793,1.783,1.796,225280000,403190000,0
2024-12-16,1.788,1.798,1.783,1.798,225430000,403870000,0
2024-12-17,1.778,1.772,1.770,1.779,234630000,416080000,0
2024-12-18,1.751,1.741,1.738,1.754,291280000,508960000,0
2024-12-19,1.743,1.743,1.728,1.744,230100000,399660000,0
2024-12-20,1.756,1.784,1.756,1.786,358620000,634740000,0
2024-12-23,1.787,1.773,1.769,1.787,240600000,428100000,0
2024-12-24,1.779,1.781,1.776,1.783,156360000,278260000,0
2024-12-25,1.781,1.792,1.773,1.795,196780000,351270000,0
2024-12-26,1.793,1.806,1.792,1.809,286310000,515110000,0
2024-12-27,1.819,1.808,1.807,1.828,320550000,583070000,0
2024-12-30,1.809,1.816,1.807,1.816,163800000,296800000,0
2024-12-31,1.822,1.827,1.819,1.829,212190000,387240000,0
2025-01-02,1.845,1.841,1.831,1.848,304790000,561350000,0
2025-01-03,1.841,1.816,1.810,1.845,329140000,601590000,0
2025-01-06,1.821,1.826,1.817,1.835,253850000,463530000,0
2025-01-07,1.805,1.795,1.789,1.808,276910000,498400000,0
2025-01-08,1.802,1.794,1.793,1.805,191520000,344560000,0
2025-01-09,1.787,1.774,1.773,1.789,194300000,346010000,0
2025-01-10,1.791,1.803,1.790,1.803,209450000,376250000,0
2025-01-13,1.838,1.859,1.831,1.860,477120000,881380000,0
2025-01-14,1.871,1.866,1.856,1.873,397060000,740720000,0
2025-01-15,1.869,1.879,1.866,1.881,208160000,389730000,0
2025-01-16,1.869,1.869,1.860,1.871,253060000,472100000,0
2025-01-17,1.878,1.883,1.871,1.889,259620000,488120000,0
2025-01-20,1.890,1.905,1.881,1.906,272540000,515790000,0
2025-01-21,1.903,1.931,1.899,1.940,442320000,849930000,0
2025-01-22,1.935,1.924,1.923,1.940,269000000,519520000,0
2025-01-23,1.929,1.919,1.916,1.935,236370000,454830000,0
2025-01-24,1.920,1.924,1.918,1.938,272870000,525950000,0
2025-01-27,1.903,1.910,1.887,1.914,227070000,431630000,0
2025-02-05,1.968,1.988,1.957,1.988,370280000,730170000,0
2025-02-06,1.968,1.969,1.952,1.974,301380000,591610000,0
2025-02-07,1.959,1.970,1.957,1.980,283300000,557230000,0
2025-02-10,1.995,1.964,1.963,1.997,366490000,725800000,0
2025-02-11,1.967,1.965,1.960,1.975,276560000,543840000,0
2025-02-12,1.945,1.937,1.924,1.958,333310000,646660000,0
2025-02-13,1.921,1.929,1.921,1.936,189670000,365980000,0
2025-02-14,1.940,1.955,1.937,1.961,248820000,484890000,0
2025-02-17,1.947,1.933,1.929,1.947,241960000,468490000,0
2025-02-18,1.939,1.937,1.932,1.950,188680000,366030000,0
2025-02-19,1.948,1.968,1.947,1.969,230830000,451780000,0
2025-02-20,1.965,1.984,1.961,1.985,188530000,372100000,0
2025-02-21,2.009,1.995,1.990,2.023,323560000,649560000,0
2025-02-24,2.003,1.968,1.964,2.009,230010000,456370000,0
2025-02-25,1.971,1.974,1.966,1.984,157380000,311070000,0
2025-02-26,1.954,1.957,1.949,1.963,168870000,330210000,0
2025-02-27,1.959,1.992,1.958,1.998,223250000,442250000,0
2025-02-28,1.980,1.988,1.978,1.992,164470000,326510000,0
2025-03-03,2.002,2.040,2.002,2.045,334450000,676980000,0
2025-03-04,2.033,2.017,2.000,2.045,490540000,990780000,0
2025-03-05,2.000,1.955,1.951,2.001,473440000,933100000,0
2025-03-06,1.952,1.963,1.939,1.965,377560000,738460000,0
2025-03-07,1.970,1.961,1.960,1.985,263430000,519900000,0
2025-03-10,2.009,1.990,1.977,2.010,372130000,741900000,0
2025-03-11,1.946,1.937,1.934,1.955,346470000,673590000,0
2025-03-12,1.930,1.925,1.915,1.930,228160000,438260000,0
2025-03-13,1.938,1.950,1.935,1.950,240550000,467770000,0
2025-03-14,1.957,1.966,1.952,1.968,172990000,339170000,0
2025-03-17,1.980,1.964,1.961,1.985,145890000,288150000,0
2025-03-18,1.968,1.971,1.962,1.978,144160000,284040000,0
2025-03-19,1.966,1.972,1.963,1.978,94560000,186540000,0
2025-03-20,1.971,1.939,1.938,1.989,265750000,521540000,0
2025-03-21,1.946,1.940,1.939,1.955,136170000,264940000,0
2025-03-24,1.928,1.939,1.924,1.942,159200000,307730000,0
2025-03-25,1.938,1.946,1.935,1.953,110990000,215760000,0
2025-03-26,1.946,1.917,1.914,1.948,206660000,398090000,0
2025-03-27,1.908,1.920,1.908,1.925,128790000,247090000,0
2025-03-28,1.925,1.907,1.907,1.926,111710000,213960000,0
2025-03-31,1.921,1.938,1.918,1.940,196310000,378310000,0
2025-04-01,1.914,1.912,1.904,1.920,149210000,285170000,0
2025-04-02,1.921,1.929,1.921,1.933,118510000,228470000,0
2025-04-03,1.944,1.965,1.938,1.967,294120000,573930000,0
2025-04-07,1.994,1.975,1.968,2.078,1549790000,3105730000,0
2025-04-08,1.990,2.048,1.986,2.051,864960000,1745970000,0
2025-04-09,2.040,2.017,2.002,2.041,524600000,1062520000,0
2025-04-10,1.986,1.989,1.985,2.005,398800000,795770000,0
2025-04-11,1.985,1.995,1.976,2.002,251210000,499890000,0
2025-04-14,2.006,2.010,2.000,2.016,241320000,484860000,0
2025-04-15,2.007,1.985,1.985,2.007,171250000,341590000,0
2025-04-16,1.990,1.952,1.950,1.993,265600000,521810000,0
2025-04-17,1.952,1.957,1.952,1.967,142920000,280240000,0
2025-04-18,1.960,1.957,1.956,1.962,145580000,285170000,0
2025-04-21,1.971,1.974,1.968,1.980,155460000,306950000,0
2025-04-22,1.971,1.979,1.971,1.985,126490000,250240000,0
2025-04-23,1.979,1.977,1.963,1.979,133540000,263320000,0
2025-04-24,1.979,1.985,1.979,1.994,226220000,449430000,0
2025-04-25,1.973,1.965,1.963,1.976,194100000,382060000,0
2025-04-28,1.943,1.936,1.934,1.944,162780000,315550000,0
2025-04-29,1.933,1.922,1.921,1.940,138940000,268390000,0
2025-04-30,1.922,1.912,1.910,1.925,149220000,285930000,0
2025-05-06,1.912,1.917,1.909,1.920,99930000,191450000,0
2025-05-07,1.916,1.918,1.914,1.925,113210000,217140000,0
2025-05-08,1.915,1.917,1.910,1.917,78460000,150100000,0
2025-05-09,1.916,1.914,1.913,1.917,45650000,87430000,0
2025-05-12,1.905,1.909,1.903,1.909,71710000,136660000,0
2025-05-13,1.912,1.905,1.901,1.914,71300000,135880000,0
2025-05-14,1.906,1.914,1.906,1.914,69770000,133180000,0
2025-05-15,1.914,1.913,1.907,1.914,59940000,114470000,0
2025-05-16,1.906,1.905,1.904,1.909,48740000,92880000,0
2025-05-19,1.901,1.898,1.898,1.903,42760000,81270000,0
2025-05-20,1.893,1.898,1.890,1.898,62430000,118230000,0
2025-05-21,1.902,1.931,1.897,1.932,166360000,318660000,0
2025-05-22,1.924,1.928,1.914,1.936,154840000,298170000,0
2025-05-23,1.936,1.921,1.917,1.945,125410000,242100000,0
2025-05-26,1.916,1.915,1.911,1.924,74810000,143500000,0
2025-05-27,1.916,1.929,1.912,1.931,110150000,211890000,0
2025-05-28,1.930,1.922,1.920,1.934,84230000,162290000,0
2025-05-29,1.914,1.922,1.907,1.925,109140000,209130000,0
2025-05-30,1.932,1.926,1.921,1.937,107160000,206910000,0
2025-06-03,1.918,1.912,1.908,1.920,131910000,252250000,0
2025-06-04,1.914,1.913,1.908,1.916,78770000,150560000,0
2025-06-05,1.921,1.923,1.918,1.926,94020000,180700000,0
2025-06-06,1.943,1.957,1.941,1.958,210910000,411230000,0
2025-06-09,1.959,1.962,1.955,1.962,100140000,196140000,0
2025-06-10,1.955,1.969,1.952,1.970,99920000,196120000,0
2025-06-11,1.973,1.977,1.968,1.983,96740000,191130000,0
2025-06-12,1.968,1.980,1.968,1.981,77290000,152590000,0
2025-06-13,1.980,1.975,1.973,1.984,107090000,211970000,0
2025-06-16,1.971,1.977,1.967,1.981,96190000,189950000,0
2025-06-17,1.975,1.998,1.975,2.004,192570000,383740000,0
2025-06-18,1.997,1.986,1.984,2.000,103720000,206660000,0
2025-06-19,1.986,1.998,1.985,1.999,113780000,226810000,0
2025-06-20,1.995,1.989,1.984,1.997,106840000,212610000,0
2025-06-23,1.971,1.970,1.959,1.973,114130000,224490000,0
2025-06-24,1.964,1.968,1.964,1.972,110730000,217830000,0
2025-06-25,1.963,1.942,1.939,1.963,203640000,396450000,0
2025-06-26,1.925,1.912,1.907,1.925,272030000,520490000,0
2025-06-27,1.909,1.920,1.909,1.921,106690000,204230000,0
2025-06-30,1.926,1.925,1.919,1.929,105470000,202890000,0
2025-07-01,1.925,1.924,1.922,1.929,107500000,206990000,0
2025-07-02,1.920,1.918,1.914,1.922,97770000,187460000,0
2025-07-03,1.927,1.927,1.923,1.933,116130000,223790000,0
2025-07-04,1.929,1.928,1.926,1.930,73800000,142250000,0
2025-07-07,1.923,1.923,1.922,1.927,51060000,98230000,0
2025-07-08,1.921,1.924,1.920,1.924,38030000,73110000,0
2025-07-09,1.924,1.929,1.923,1.931,74540000,143710000,0
2025-07-10,1.926,1.929,1.923,1.930,63140000,121660000,0
2025-07-11,1.937,1.938,1.934,1.941,114690000,222220000,0
2025-07-14,1.936,1.946,1.931,1.946,85790000,166300000,0
2025-07-15,1.947,1.938,1.935,1.948,83110000,161230000,0
2025-07-16,1.936,1.937,1.932,1.938,74330000,143830000,0
2025-07-17,1.957,1.966,1.955,1.968,187230000,366970000,0
2025-07-18,1.975,1.981,1.974,1.988,137930000,273080000,0
2025-07-21,1.981,1.989,1.978,1.990,87310000,173300000,0
2025-07-22,1.990,1.998,1.990,2.007,159740000,319040000,0
2025-07-23,2.006,2.005,1.999,2.015,118660000,238190000,0
2025-07-24,1.966,1.964,1.952,1.966,246340000,482490000,0
2025-07-25,1.966,1.958,1.956,1.967,103540000,202900000,0
2025-07-28,1.955,1.943,1.941,1.955,137100000,266880000,0
2025-07-29,1.939,1.939,1.928,1.939,148640000,287210000,0
2025-07-30,1.949,1.958,1.949,1.959,165440000,323350000,0
2025-07-31,1.956,1.949,1.940,1.960,136630000,266460000,0
2025-08-01,1.959,1.955,1.945,1.959,128410000,250680000,0
2025-08-04,1.962,1.962,1.959,1.969,141940000,278770000,0
2025-08-05,1.971,1.966,1.964,1.977,128160000,252510000,0
2025-08-06,1.968,1.970,1.966,1.975,87030000,171450000,0
2025-08-07,1.967,1.975,1.961,1.975,76350000,150280000,0
2025-08-08,1.979,1.984,1.975,1.990,100800000,199750000,0
2025-08-11,1.980,1.969,1.948,1.993,199830000,393460000,0
2025-08-12,1.968,1.984,1.968,1.988,88130000,174340000,0
2025-08-13,2.036,2.026,2.023,2.039,208890000,424420000,0
2025-08-14,2.032,2.020,2.020,2.042,112250000,227960000,0
2025-08-15,2.008,2.011,2.001,2.011,106800000,214290000,0
2025-08-18,2.015,2.023,2.012,2.030,102440000,207280000,0
2025-08-19,2.027,2.030,2.026,2.039,99130000,201500000,0
2025-08-20,2.025,2.026,2.013,2.027,83080000,167790000,0
2025-08-21,2.012,1.997,1.993,2.013,141110000,282410000,0
2025-08-22,1.985,1.980,1.978,1.987,132630000,263020000,0
2025-08-25,1.992,2.001,1.992,2.004,135780000,271550000,0
2025-08-26,1.988,1.986,1.983,1.991,118730000,235840000,0
2025-08-27,1.979,1.986,1.971,1.991,85420000,169240000,0
2025-08-28,1.991,1.987,1.981,1.991,68140000,135360000,0
2025-08-29,1.989,1.992,1.984,1.992,50310000,100040000,0
2025-09-01,1.994,2.005,1.987,2.005,79290000,158390000,0
2025-09-02,2.005,1.992,1.990,2.005,57400000,114450000,0
2025-09-03,1.995,2.015,1.994,2.020,102060000,204780000,0
2025-09-04,2.011,1.983,1.974,2.012,101930000,203200000,0
2025-09-05,1.984,1.994,1.983,1.996,64270000,127850000,0
2025-09-08,1.998,2.005,1.998,2.012,56900000,114180000,0
2025-09-09,2.003,2.015,2.000,2.018,61870000,124320000,0
2025-09-10,2.011,2.003,1.997,2.011,51110000,102270000,0
2025-09-11,2.003,2.005,1.997,2.006,47330000,94720000,0
2025-09-12,2.005,2.009,2.002,2.014,48060000,96530000,0
2025-09-15,1.998,1.988,1.986,1.998,94920000,188860000,0
2025-09-16,1.991,1.988,1.986,1.994,35390000,70390000,0
2025-09-17,1.981,1.983,1.976,1.988,57080000,113020000,0
2025-09-18,1.979,1.980,1.975,1.981,47200000,93330000,0
2025-09-19,1.980,1.991,1.980,1.992,47200000,93780000,0
2025-09-22,1.995,1.985,1.981,2.000,80330000,160110000,0
2025-09-23,1.970,1.942,1.936,1.972,129170000,252230000,0
2025-09-24,1.938,1.952,1.935,1.953,65540000,127660000,0
2025-09-25,1.955,1.961,1.954,1.965,43670000,85610000,0
2025-09-26,1.959,1.948,1.946,1.959,34550000,67380000,0
2025-09-29,1.948,1.938,1.919,1.948,72840000,140850000,0
2025-09-30,1.938,1.938,1.930,1.943,41610000,80590000,0
2025-10-09,1.937,1.943,1.931,1.944,44360000,86010000,0
2025-10-10,1.940,1.939,1.935,1.942,31860000,61750000,0
2025-10-13,1.939,1.951,1.931,1.952,63200000,122650000,0
2025-10-14,1.948,1.938,1.935,1.950,61140000,118720000,0
2025-10-15,1.940,1.938,1.935,1.942,32490000,62990000,0
2025-10-16,1.938,1.942,1.936,1.947,41990000,81590000,0
2025-10-17,1.937,1.920,1.919,1.941,58140000,112180000,0
2025-10-20,1.925,1.928,1.920,1.932,45210000,87150000,0
2025-10-21,1.931,1.935,1.930,1.937,30060000,58080000,0
2025-10-22,1.923,1.935,1.923,1.936,25130000,48510000,0
2025-10-23,1.942,1.960,1.942,1.976,225870000,443050000,0
2025-10-24,1.965,1.955,1.952,1.970,65650000,128830000,0
2025-10-27,1.960,1.970,1.950,1.974,98740000,194010000,0
2025-10-28,1.980,1.969,1.962,1.985,76830000,151560000,0
2025-10-29,1.975,1.962,1.960,1.975,41650000,81790000,0
2025-10-30,1.965,1.951,1.949,1.969,54600000,106970000,0
2025-10-31,1.951,1.958,1.951,1.970,78630000,154090000,0
2025-11-03,1.966,1.964,1.961,1.973,70270000,138350000,0
2025-11-04,1.964,1.952,1.949,1.974,48120000,94310000,0
2025-11-05,1.956,1.984,1.954,1.985,127850000,252030000,0
2025-11-06,1.980,1.976,1.970,1.985,71100000,140520000,0
2025-11-07,1.968,1.974,1.963,1.977,65130000,128200000,0
2025-11-10,1.970,1.976,1.968,1.984,68470000,135360000,0
2025-11-11,1.979,1.972,1.970,1.984,52660000,104190000,0
2025-11-12,1.973,1.975,1.969,1.981,39430000,77880000,0
2025-11-13,1.976,1.980,1.973,1.983,47620000,94230000,0
2025-11-14,1.978,1.998,1.977,1.998,127050000,252960000,0
2025-11-17,1.974,1.968,1.963,1.977,84050000,165530000,0
2025-11-18,1.979,2.016,1.971,2.042,393380000,789310000,0
2025-11-19,2.013,1.984,1.980,2.016,166360000,332040000,0
2025-11-20,1.977,1.982,1.973,1.987,68920000,136390000,0
2025-11-21,1.984,1.977,1.976,2.022,360330000,720290000,0
2025-11-24,1.990,2.006,1.984,2.006,150080000,300020000,0
2025-11-25,2.005,2.011,2.003,2.020,94430000,189980000,0
2025-11-26,2.013,2.002,2.000,2.019,59160000,118860000,0
2025-11-27,2.006,2.026,2.002,2.036,141720000,286300000,0
2025-11-28,2.027,2.024,2.013,2.048,155230000,315580000,0
2025-12-01,2.020,1.973,1.972,2.024,271910000,541250000,0
2025-12-02,1.970,1.969,1.958,1.976,179150000,352170000,0
2025-12-03,1.970,1.969,1.960,1.972,77810000,152990000,0
2025-12-04,1.961,1.964,1.957,1.968,86270000,169240000,0
2025-12-05,1.959,1.956,1.955,1.963,76440000,149730000,0
2025-12-08,1.949,1.951,1.942,1.956,111290000,216750000,0
2025-12-09,1.943,1.942,1.936,1.947,84170000,163380000,0
2025-12-10,1.938,1.949,1.934,1.953,82450000,160240000,0
2025-12-11,1.953,1.942,1.940,1.961,81980000,159850000,0
2025-12-12,1.953,1.955,1.948,1.963,90840000,177700000,0
2025-12-15,1.950,1.951,1.947,1.959,52800000,103100000,0
2025-12-16,1.952,1.960,1.951,1.962,77160000,150960000,0
2025-12-17,1.956,1.946,1.940,1.959,91330000,177740000,0
2025-12-18,1.939,1.942,1.938,1.949,62000000,120440000,0
2025-12-19,1.941,1.948,1.941,1.949,37640000,73230000,0
2025-12-22,1.949,1.946,1.943,1.951,48680000,94770000,0
2025-12-23,1.950,1.950,1.946,1.952,35480000,69150000,0
2025-12-24,1.950,1.956,1.950,1.958,49080000,95910000,0
2025-12-25,1.957,1.957,1.951,1.959,36540000,71420000,0
2025-12-26,1.962,1.974,1.960,1.976,92330000,181700000,0
2025-12-29,1.973,1.976,1.963,1.983,93890000,185510000,0
2025-12-30,1.971,1.964,1.960,1.971,66330000,130440000,0
2025-12-31,1.967,1.949,1.946,1.967,74820000,146050000,0
2026-01-05,1.944,1.956,1.943,1.961,72990000,142710000,0
2026-01-06,1.958,1.961,1.950,1.963,81990000,160510000,0
2026-01-07,1.963,1.984,1.961,1.986,91980000,181650000,0
2026-01-08,1.985,1.972,1.967,1.999,114320000,227030000,0
2026-01-09,1.973,1.984,1.972,1.985,51510000,102030000,0
2026-01-12,1.983,1.974,1.966,1.983,91000000,179480000,0
2026-01-13,1.972,1.976,1.965,1.980,62040000,122300000,0
2026-01-14,1.966,1.969,1.966,1.972,49950000,98310000,0
2026-01-15,1.969,1.968,1.966,1.973,34410000,67760000,0
2026-01-16,1.968,1.959,1.958,1.969,39480000,77520000,0
2026-01-19,1.965,1.961,1.951,1.967,69310000,135850000,0
2026-01-20,1.960,1.958,1.952,1.965,40950000,80190000,0
2026-01-21,1.955,1.956,1.953,1.961,34960000,68380000,0
2026-01-22,1.958,1.972,1.958,1.979,74800000,147310000,0
2026-01-23,1.972,1.966,1.965,1.973,36340000,71500000,0
2026-01-26,1.971,1.975,1.962,1.975,48720000,95910000,0
2026-01-27,1.970,1.970,1.963,1.981,59780000,117820000,0
2026-01-28,1.971,1.985,1.971,1.999,107620000,214030000,0
2026-01-29,1.995,2.009,1.994,2.025,188010000,377820000,0
2026-01-30,2.000,1.982,1.976,2.055,253790000,509490000,0
2026-02-02,1.978,1.974,1.973,2.001,121920000,241910000,0
2026-02-03,1.971,1.971,1.968,1.994,119810000,237280000,0
2026-02-04,1.972,1.975,1.964,1.979,52750000,104060000,0
2026-02-05,1.979,1.980,1.975,1.985,47190000,93420000,0
2026-02-06,1.983,1.982,1.980,1.995,61600000,122360000,0
2026-02-09,1.982,1.985,1.982,1.995,52160000,103660000,0
2026-02-10,1.985,1.975,1.974,1.985,41530000,82200000,0
2026-02-11,1.983,1.987,1.980,1.989,59660000,118460000,0
2026-02-12,1.989,1.989,1.986,1.998,51780000,103120000,0
2026-02-13,1.991,2.000,1.990,2.007,64010000,127880000,0
2026-02-24,2.001,2.001,1.998,2.018,87250000,175010000,0
2026-02-25,2.020,2.020,2.012,2.024,77440000,156260000,0
2026-02-26,2.025,2.017,2.016,2.040,79140000,160530000,0
2026-02-27,2.016,2.017,2.014,2.028,67440000,136200000,0
2026-03-02,2.023,2.034,2.004,2.035,147190000,297400000,0
2026-03-03,2.038,2.051,2.034,2.128,395730000,821450000,0
2026-03-04,2.062,2.102,2.049,2.168,597390000,1250370000,0
2026-03-05,2.110,2.061,2.039,2.160,456760000,952530000,0
2026-03-06,2.100,2.126,2.099,2.160,481430000,1026180000,0
2026-03-09,2.280,2.232,2.161,2.329,934540000,2112410000,0
2026-03-10,2.133,2.179,2.123,2.263,849680000,1873800000,0
2026-03-11,2.208,2.244,2.184,2.255,822810000,1830970000,0
2026-03-12,2.275,2.232,2.225,2.333,744460000,1706090000,0
2026-03-13,2.279,2.321,2.279,2.391,1716390000,4004570000,0
2026-03-16,2.290,2.262,2.251,2.380,1011600000,2342490000,0
2026-03-17,2.250,2.250,2.188,2.274,887000000,1982100000,0
2026-03-18,2.260,2.251,2.226,2.294,547770000,1236130000,0
2026-03-19,2.285,2.244,2.235,2.313,659120000,1496500000,0
2026-03-20,2.226,2.205,2.199,2.264,538790000,1203980000,0
2026-03-23,2.190,2.230,2.174,2.309,1855030000,4203500000,0
2026-03-24,2.221,2.242,2.203,2.310,1063450000,2412670000,0
2026-03-25,2.220,2.159,2.155,2.260,519880000,1145510000,0
2026-03-26,2.181,2.161,2.155,2.197,554800000,1205840000,0
2026-03-27,2.168,2.122,2.121,2.172,307110000,656730000,0
2026-03-30,2.135,2.135,2.121,2.156,372430000,796070000,0
2026-03-31,2.125,2.070,2.066,2.125,266250000,555700000,0
2026-04-01,2.058,2.041,2.031,2.094,358560000,739950000,0
2026-04-02,2.044,2.079,2.044,2.099,542910000,1127520000,0
2026-04-03,2.088,2.058,2.054,2.114,344100000,718010000,0
2026-04-07,2.056,2.055,2.046,2.078,210340000,433410000,0
2026-04-08,2.040,2.041,2.023,2.049,270340000,549810000,0
2026-04-09,2.052,2.075,2.052,2.088,414730000,859980000,0
2026-04-10,2.087,2.082,2.076,2.103,230890000,481810000,0
2026-04-13,2.114,2.128,2.100,2.133,290860000,615760000,0
2026-04-14,2.109,2.111,2.106,2.141,153870000,326050000,0
2026-04-15,2.095,2.097,2.088,2.110,130700000,273970000,0
2026-04-16,2.110,2.111,2.100,2.116,101590000,214270000,0
2026-04-17,2.106,2.094,2.093,2.111,59430000,124820000,0
2026-04-20,2.095,2.091,2.084,2.103,77190000,161470000,0
2026-04-21,2.099,2.127,2.092,2.127,178080000,375520000,0
2026-04-22,2.150,2.169,2.150,2.189,307140000,667030000,0
2026-04-23,2.153,2.156,2.138,2.180,188420000,406400000,0
2026-04-24,2.158,2.125,2.114,2.164,121490000,259170000,0
2026-04-27,2.128,2.152,2.127,2.156,109300000,233910000,0
2026-04-28,2.163,2.159,2.153,2.169,102050000,220460000,0
2026-04-29,2.169,2.165,2.162,2.212,215310000,470300000,0
2026-04-30,2.176,2.162,2.157,2.188,132580000,287930000,0
2026-05-06,2.168,2.159,2.140,2.174,120410000,259880000,0
2026-05-07,2.146,2.132,2.124,2.150,91880000,195930000,0
2026-05-08,2.133,2.143,2.132,2.149,107890000,231050000,0
2026-05-11,2.159,2.164,2.148,2.168,131710000,284640000,0
2026-05-12,2.166,2.155,2.150,2.175,85500000,184950000,0
2026-05-13,2.175,2.161,2.156,2.192,148850000,323470000,0
2026-05-14,2.169,2.144,2.135,2.179,100760000,217540000,0
2026-05-15,2.134,2.089,2.080,2.134,128760000,270660000,0
2026-05-18,2.076,2.092,2.076,2.114,108020000,226690000,0
2026-05-19,2.115,2.122,2.105,2.138,132780000,281700000,0
2026-05-20,2.120,2.103,2.101,2.120,47340000,99740000,0
2026-05-21,2.095,2.086,2.084,2.102,59520000,124530000,0
2026-05-22,2.082,2.084,2.069,2.087,53490000,111120000,0
2026-05-25,2.084,2.056,2.050,2.101,164350000,340690000,0
2026-05-26,2.051,2.060,2.051,2.067,52430000,108050000,0
2026-05-27,2.064,2.068,2.060,2.080,79350000,164070000,0
2026-05-28,2.068,2.084,2.066,2.092,88320000,183500000,0
2026-05-29,2.092,2.077,2.075,2.099,86690000,181150000,0
2026-06-01,2.071,2.073,2.066,2.081,93230000,193100000,0
2026-06-02,2.067,2.046,2.038,2.067,135660000,278380000,0
2026-06-03,2.035,2.054,2.031,2.058,86750000,177640000,0
2026-06-04,2.040,2.029,2.027,2.043,66010000,134400000,0
2026-06-05,2.011,2.009,1.997,2.018,118910000,238690000,0
2026-06-08,1.999,1.991,1.986,2.008,104210000,207990000,0
2026-06-09,1.991,1.980,1.979,2.000,46320000,91930000,0
2026-06-10,1.981,2.005,1.979,2.008,117090000,233600000,0
2026-06-11,2.010,2.020,2.008,2.025,102270000,206310000,0
2026-06-12,2.011,2.017,2.003,2.022,62660000,126160000,0
2026-06-15,2.018,2.017,2.014,2.029,83990000,169740000,0
2026-06-16,2.018,2.015,2.010,2.024,52310000,105390000,0
2026-06-17,2.023,2.028,2.023,2.036,71470000,145100000,0
2026-06-18,2.021,2.004,1.999,2.023,72830000,146410000,0
2026-06-22,1.997,1.989,1.980,2.000,83790000,166520000,0
2026-06-23,1.984,1.994,1.978,1.997,65570000,130320000,0
2026-06-24,2.002,2.000,1.992,2.014,115720000,231650000,0
2026-06-25,1.989,1.997,1.979,2.001,118320000,235500000,0
2026-06-26,2.008,2.007,1.995,2.012,99520000,199450000,0
2026-06-29,2.007,2.008,1.993,2.010,74230000,148570000,0
2026-06-30,1.999,1.985,1.984,2.000,56420000,112390000,0
2026-07-01,1.982,1.997,1.975,2.003,107340000,213680000,0
2026-07-02,2.008,2.066,2.007,2.069,276160000,563590000,0
2026-07-03,2.052,2.065,2.035,2.079,152240000,312830000,0
2026-07-06,2.095,2.125,2.086,2.125,172820000,363340000,0
2026-07-07,2.144,2.151,2.109,2.168,339690000,726830000,0
2026-07-08,2.151,2.180,2.140,2.195,240990000,522440000,0
2026-07-09,2.180,2.157,2.115,2.198,259800000,559740000,0
2026-07-10,2.160,2.144,2.124,2.173,222680000,476320000,0
2026-07-13,2.159,2.206,2.159,2.232,465340000,1021500000,0
2026-07-14,2.215,2.203,2.165,2.233,318200000,698970000,0
2026-07-15,2.210,2.231,2.193,2.238,177580000,394740000,0
2026-07-16,2.232,2.148,2.141,2.269,232740000,514390000,0
2026-07-17,2.166,2.123,2.072,2.188,394060000,835840000,0
2026-07-20,2.140,2.180,2.128,2.183,249540000,538920000,0
2026-07-21,2.181,2.197,2.167,2.206,274250000,600770000,0
2026-07-22,2.213,2.213,2.197,2.222,184320000,407100000,0
2026-07-23,2.249,2.243,2.239,2.271,201570000,455180000,0
2026-07-24,2.257,2.290,2.241,2.322,365420000,834180000,0
2026-07-27,2.267,2.254,2.227,2.311,408690000,925560000,0
2026-07-28,2.220,2.121,2.110,2.257,415300000,900230000,0
2026-07-29,2.128,2.130,2.127,2.172,355170000,761030000,0
2026-07-30,2.115,2.088,2.084,2.115,166290000,348410000,0
2026-07-31,2.084,2.087,2.082,2.103,147330000,308180000,0
2026-08-03,2.084,2.094,2.067,2.102,255030000,531600000,0
2026-08-04,2.094,2.105,2.093,2.115,139670000,293570000,0
2026-08-05,2.088,2.097,2.088,2.104,103110000,216330000,0
2026-08-06,2.105,2.119,2.105,2.119,153510000,324180000,0
2026-08-07,2.122,2.125,2.107,2.137,154670000,328390000,0
2026-08-10,2.119,2.133,2.114,2.138,121130000,257690000,0
2026-08-11,2.129,2.124,2.118,2.135,73170000,155560000,0
2026-08-12,2.114,2.116,2.108,2.118,81770000,172760000,0
2026-08-13,2.132,2.126,2.123,2.135,81330000,173040000,0
2026-08-14,2.123,2.139,2.123,2.145,97180000,207580000,0
2026-08-17,2.143,2.149,2.143,2.164,95900000,206460000,0
2026-08-18,2.180,2.205,2.176,2.206,211490000,464110000,0
2026-08-19,2.214,2.214,2.196,2.239,265850000,589750000,0
2026-08-20,2.232,2.212,2.204,2.234,154950000,343100000,0
2026-08-21,2.201,2.163,2.162,2.201,167480000,364670000,0
2026-08-24,2.168,2.184,2.168,2.191,112250000,244970000,0
2026-08-25,2.189,2.189,2.170,2.193,94120000,205350000,0
2026-08-26,2.201,2.233,2.201,2.237,190600000,423270000,0
2026-08-27,2.265,2.278,2.251,2.278,174770000,395580000,0
2026-08-28,2.279,2.261,2.261,2.285,111520000,253030000,0
2026-08-31,2.270,2.306,2.266,2.310,303400000,695690000,0
2026-09-01,2.307,2.367,2.298,2.370,421750000,986720000,0
2026-09-02,2.377,2.344,2.298,2.377,356610000,831750000,0
2026-09-03,2.340,2.387,2.338,2.411,407790000,970950000,0
2026-09-04,2.397,2.425,2.390,2.458,394170000,954410000,0
2026-09-07,2.395,2.423,2.374,2.445,352420000,849260000,0
2026-09-08,2.426,2.451,2.400,2.475,386680000,944280000,0
2026-09-09,2.430,2.394,2.391,2.462,368890000,894510000,0
2026-09-10,2.380,2.304,2.296,2.381,544240000,1262810000,0
2026-09-11,2.328,2.325,2.313,2.364,492650000,1152170000,0
2026-09-14,2.303,2.291,2.285,2.324,279640000,644430000,0
2026-09-15,2.295,2.307,2.294,2.318,190660000,439870000,0
2026-09-16,2.347,2.383,2.336,2.386,388490000,918570000,0
2026-09-17,2.402,2.373,2.368,2.426,392020000,940820000,0
2026-09-18,2.355,2.299,2.298,2.355,305430000,708900000,0
2026-09-21,2.290,2.294,2.285,2.309,228910000,526230000,0
2026-09-22,2.305,2.323,2.300,2.325,265900000,614810000,0
2026-09-23,2.319,2.304,2.301,2.322,154510000,356780000,0
2026-09-24,2.295,2.319,2.295,2.331,238190000,552040000,0
2026-09-28,2.301,2.264,2.264,2.319,200560000,458430000,0
2026-09-29,2.254,2.262,2.254,2.273,98570000,223290000,0
2026-09-30,2.268,2.267,2.265,2.290,149750000,341100000,0
