year,month,return
2017,01,0.026276
2017,02,0.001027
2017,03,-0.007524
2017,04,-0.011299
2017,05,-0.000750
2017,06,0.000000
2017,07,0.009945
2017,08,0.013980
2017,09,0.019561
2017,10,0.033932
2017,11,-0.030715
2017,12,0.003218
2018,01,0.020092
2018,02,-0.025099
2018,03,-0.020943
2018,04,-0.045338
2018,05,-0.006604
2018,06,0.000000
2018,07,0.000000
2018,08,0.000000
2018,09,0.000000
2018,10,0.000000
2018,11,-0.038125
2018,12,-0.057161
2019,01,-0.014364
2019,02,0.087509
2019,03,0.084596
2019,04,-0.007080
2019,05,-0.068270
2019,06,0.000000
2019,07,-0.017308
2019,08,0.017306
2019,09,0.012039
2019,10,-0.011250
2019,11,-0.036842
2019,12,-0.000143
2020,01,0.055671
2020,02,-0.072426
2020,03,0.000000
2020,04,0.000000
2020,05,-0.015795
2020,06,0.201299
2020,07,0.193023
2020,08,-0.040010
2020,09,-0.045592
2020,10,0.033215
2020,11,0.009538
2020,12,0.045878
2021,01,0.032187
2021,02,0.015640
2021,03,0.000000
2021,04,0.029808
2021,05,-0.002727
2021,06,0.067901
2021,07,0.004316
2021,08,0.042717
2021,09,-0.044455
2021,10,-0.007744
2021,11,-0.002184
2021,12,-0.056718
2022,01,-0.031507
2022,02,0.000000
2022,03,-0.075650
2022,04,-0.029421
2022,05,-0.000473
2022,06,0.096420
2022,07,-0.071108
2022,08,-0.056545
2022,09,-0.006818
2022,10,0.000000
2022,11,0.000000
2022,12,-0.050486
2023,01,0.048514
2023,02,-0.028273
2023,03,-0.011895
2023,04,-0.016181
2023,05,-0.023681
2023,06,0.000000
2023,07,0.050010
2023,08,-0.046271
2023,09,-0.012358
2023,10,-0.002215
2023,11,-0.031416
2023,12,-0.007695
2024,01,-0.129411
2024,02,-0.004653
2024,03,0.001321
2024,04,0.031130
2024,05,-0.005084
2024,06,0.001438
2024,07,0.000000
2024,08,0.000000
2024,09,0.000000
2024,10,-0.131283
2024,11,-0.018353
2024,12,-0.078731
2025,01,-0.011569
2025,02,0.000000
2025,03,0.000000
2025,04,0.000000
2025,05,0.002871
2025,06,0.000023
2025,07,0.038978
2025,08,-0.000750
2025,09,0.101047
2025,10,-0.015427
2025,11,-0.045337
2025,12,0.046927
2026,01,0.045302
2026,02,-0.015054
2026,03,-0.121550
2026,04,0.096910
2026,05,0.160125
2026,06,-0.038918
2026,07,-0.257174
2026,08,-0.023619
2026,09,-0.034565
